DROP DATABASE IF EXISTS `Restaurant`; 
CREATE DATABASE `Restaurant`; 
USE `Restaurant`; 
SHOW TABLES; 

DROP TABLE IF EXISTS `Waiters`; 
CREATE TABLE `Waiters` (
id_Waiters INT primary key not null auto_increment unique, 
Name CHAR(45) not null); 
 
INSERT INTO `Waiters` (`id_Waiters`, `Name`) VALUES (1, 'fugiat');
INSERT INTO `Waiters` (`id_Waiters`, `Name`) VALUES (2, 'porro');
INSERT INTO `Waiters` (`id_Waiters`, `Name`) VALUES (3, 'et');
INSERT INTO `Waiters` (`id_Waiters`, `Name`) VALUES (4, 'distinctio');
INSERT INTO `Waiters` (`id_Waiters`, `Name`) VALUES (5, 'autem');
INSERT INTO `Waiters` (`id_Waiters`, `Name`) VALUES (6, 'est');
INSERT INTO `Waiters` (`id_Waiters`, `Name`) VALUES (7, 'non');
INSERT INTO `Waiters` (`id_Waiters`, `Name`) VALUES (8, 'voluptatem');
INSERT INTO `Waiters` (`id_Waiters`, `Name`) VALUES (9, 'voluptas');
INSERT INTO `Waiters` (`id_Waiters`, `Name`) VALUES (10, 'repellendus');
INSERT INTO `Waiters` (`id_Waiters`, `Name`) VALUES (11, 'qui');
INSERT INTO `Waiters` (`id_Waiters`, `Name`) VALUES (12, 'quos');
INSERT INTO `Waiters` (`id_Waiters`, `Name`) VALUES (13, 'tempore');
INSERT INTO `Waiters` (`id_Waiters`, `Name`) VALUES (14, 'ea');
INSERT INTO `Waiters` (`id_Waiters`, `Name`) VALUES (15, 'quos');
INSERT INTO `Waiters` (`id_Waiters`, `Name`) VALUES (16, 'autem');
INSERT INTO `Waiters` (`id_Waiters`, `Name`) VALUES (17, 'rerum');
INSERT INTO `Waiters` (`id_Waiters`, `Name`) VALUES (18, 'qui');
INSERT INTO `Waiters` (`id_Waiters`, `Name`) VALUES (19, 'eius');
INSERT INTO `Waiters` (`id_Waiters`, `Name`) VALUES (20, 'ut');
INSERT INTO `Waiters` (`id_Waiters`, `Name`) VALUES (21, 'ut');
INSERT INTO `Waiters` (`id_Waiters`, `Name`) VALUES (22, 'dolores');
INSERT INTO `Waiters` (`id_Waiters`, `Name`) VALUES (23, 'saepe');
INSERT INTO `Waiters` (`id_Waiters`, `Name`) VALUES (24, 'dolor');
INSERT INTO `Waiters` (`id_Waiters`, `Name`) VALUES (25, 'maxime');
INSERT INTO `Waiters` (`id_Waiters`, `Name`) VALUES (26, 'voluptatem');
INSERT INTO `Waiters` (`id_Waiters`, `Name`) VALUES (27, 'sed');
INSERT INTO `Waiters` (`id_Waiters`, `Name`) VALUES (28, 'maxime');
INSERT INTO `Waiters` (`id_Waiters`, `Name`) VALUES (29, 'placeat');
INSERT INTO `Waiters` (`id_Waiters`, `Name`) VALUES (30, 'veritatis');
INSERT INTO `Waiters` (`id_Waiters`, `Name`) VALUES (31, 'modi');
INSERT INTO `Waiters` (`id_Waiters`, `Name`) VALUES (32, 'dicta');
INSERT INTO `Waiters` (`id_Waiters`, `Name`) VALUES (33, 'ut');
INSERT INTO `Waiters` (`id_Waiters`, `Name`) VALUES (34, 'libero');
INSERT INTO `Waiters` (`id_Waiters`, `Name`) VALUES (35, 'voluptates');
INSERT INTO `Waiters` (`id_Waiters`, `Name`) VALUES (36, 'vitae');
INSERT INTO `Waiters` (`id_Waiters`, `Name`) VALUES (37, 'nesciunt');
INSERT INTO `Waiters` (`id_Waiters`, `Name`) VALUES (38, 'modi');
INSERT INTO `Waiters` (`id_Waiters`, `Name`) VALUES (39, 'similique');
INSERT INTO `Waiters` (`id_Waiters`, `Name`) VALUES (40, 'nostrum');
INSERT INTO `Waiters` (`id_Waiters`, `Name`) VALUES (41, 'eum');
INSERT INTO `Waiters` (`id_Waiters`, `Name`) VALUES (42, 'sit');
INSERT INTO `Waiters` (`id_Waiters`, `Name`) VALUES (43, 'totam');
INSERT INTO `Waiters` (`id_Waiters`, `Name`) VALUES (44, 'natus');
INSERT INTO `Waiters` (`id_Waiters`, `Name`) VALUES (45, 'aspernatur');
INSERT INTO `Waiters` (`id_Waiters`, `Name`) VALUES (46, 'possimus');
INSERT INTO `Waiters` (`id_Waiters`, `Name`) VALUES (47, 'dolor');
INSERT INTO `Waiters` (`id_Waiters`, `Name`) VALUES (48, 'magni');
INSERT INTO `Waiters` (`id_Waiters`, `Name`) VALUES (49, 'est');
INSERT INTO `Waiters` (`id_Waiters`, `Name`) VALUES (50, 'vel');
INSERT INTO `Waiters` (`id_Waiters`, `Name`) VALUES (51, 'quam');
INSERT INTO `Waiters` (`id_Waiters`, `Name`) VALUES (52, 'hic');
INSERT INTO `Waiters` (`id_Waiters`, `Name`) VALUES (53, 'accusamus');
INSERT INTO `Waiters` (`id_Waiters`, `Name`) VALUES (54, 'sunt');
INSERT INTO `Waiters` (`id_Waiters`, `Name`) VALUES (55, 'reiciendis');
INSERT INTO `Waiters` (`id_Waiters`, `Name`) VALUES (56, 'et');
INSERT INTO `Waiters` (`id_Waiters`, `Name`) VALUES (57, 'non');
INSERT INTO `Waiters` (`id_Waiters`, `Name`) VALUES (58, 'voluptas');
INSERT INTO `Waiters` (`id_Waiters`, `Name`) VALUES (59, 'dolores');
INSERT INTO `Waiters` (`id_Waiters`, `Name`) VALUES (60, 'nemo');
INSERT INTO `Waiters` (`id_Waiters`, `Name`) VALUES (61, 'ut');
INSERT INTO `Waiters` (`id_Waiters`, `Name`) VALUES (62, 'rem');
INSERT INTO `Waiters` (`id_Waiters`, `Name`) VALUES (63, 'itaque');
INSERT INTO `Waiters` (`id_Waiters`, `Name`) VALUES (64, 'at');
INSERT INTO `Waiters` (`id_Waiters`, `Name`) VALUES (65, 'incidunt');
INSERT INTO `Waiters` (`id_Waiters`, `Name`) VALUES (66, 'facilis');
INSERT INTO `Waiters` (`id_Waiters`, `Name`) VALUES (67, 'esse');
INSERT INTO `Waiters` (`id_Waiters`, `Name`) VALUES (68, 'laboriosam');
INSERT INTO `Waiters` (`id_Waiters`, `Name`) VALUES (69, 'nobis');
INSERT INTO `Waiters` (`id_Waiters`, `Name`) VALUES (70, 'dolore');
INSERT INTO `Waiters` (`id_Waiters`, `Name`) VALUES (71, 'quas');
INSERT INTO `Waiters` (`id_Waiters`, `Name`) VALUES (72, 'et');
INSERT INTO `Waiters` (`id_Waiters`, `Name`) VALUES (73, 'itaque');
INSERT INTO `Waiters` (`id_Waiters`, `Name`) VALUES (74, 'rerum');
INSERT INTO `Waiters` (`id_Waiters`, `Name`) VALUES (75, 'neque');
INSERT INTO `Waiters` (`id_Waiters`, `Name`) VALUES (76, 'repudiandae');
INSERT INTO `Waiters` (`id_Waiters`, `Name`) VALUES (77, 'et');
INSERT INTO `Waiters` (`id_Waiters`, `Name`) VALUES (78, 'rem');
INSERT INTO `Waiters` (`id_Waiters`, `Name`) VALUES (79, 'et');
INSERT INTO `Waiters` (`id_Waiters`, `Name`) VALUES (80, 'veniam');
INSERT INTO `Waiters` (`id_Waiters`, `Name`) VALUES (81, 'nisi');
INSERT INTO `Waiters` (`id_Waiters`, `Name`) VALUES (82, 'aut');
INSERT INTO `Waiters` (`id_Waiters`, `Name`) VALUES (83, 'facere');
INSERT INTO `Waiters` (`id_Waiters`, `Name`) VALUES (84, 'doloribus');
INSERT INTO `Waiters` (`id_Waiters`, `Name`) VALUES (85, 'qui');
INSERT INTO `Waiters` (`id_Waiters`, `Name`) VALUES (86, 'qui');
INSERT INTO `Waiters` (`id_Waiters`, `Name`) VALUES (87, 'sed');
INSERT INTO `Waiters` (`id_Waiters`, `Name`) VALUES (88, 'quia');
INSERT INTO `Waiters` (`id_Waiters`, `Name`) VALUES (89, 'atque');
INSERT INTO `Waiters` (`id_Waiters`, `Name`) VALUES (90, 'omnis');
INSERT INTO `Waiters` (`id_Waiters`, `Name`) VALUES (91, 'libero');
INSERT INTO `Waiters` (`id_Waiters`, `Name`) VALUES (92, 'officia');
INSERT INTO `Waiters` (`id_Waiters`, `Name`) VALUES (93, 'molestias');
INSERT INTO `Waiters` (`id_Waiters`, `Name`) VALUES (94, 'est');
INSERT INTO `Waiters` (`id_Waiters`, `Name`) VALUES (95, 'exercitationem');
INSERT INTO `Waiters` (`id_Waiters`, `Name`) VALUES (96, 'velit');
INSERT INTO `Waiters` (`id_Waiters`, `Name`) VALUES (97, 'illum');
INSERT INTO `Waiters` (`id_Waiters`, `Name`) VALUES (98, 'consectetur');
INSERT INTO `Waiters` (`id_Waiters`, `Name`) VALUES (99, 'dolorem');
INSERT INTO `Waiters` (`id_Waiters`, `Name`) VALUES (100, 'sapiente');




DROP TABLE IF EXISTS `Group`; 
CREATE TABLE `Group` ( 
id_Group INT primary key not null auto_increment unique, 
Name_group CHAR(45) not null); 
 
INSERT INTO `Group` (`id_Group`, `Name_group`) VALUES (1, 'velit');
INSERT INTO `Group` (`id_Group`, `Name_group`) VALUES (2, 'quaerat');
INSERT INTO `Group` (`id_Group`, `Name_group`) VALUES (3, 'sint');
INSERT INTO `Group` (`id_Group`, `Name_group`) VALUES (4, 'ex');
INSERT INTO `Group` (`id_Group`, `Name_group`) VALUES (5, 'et');
INSERT INTO `Group` (`id_Group`, `Name_group`) VALUES (6, 'voluptatem');
INSERT INTO `Group` (`id_Group`, `Name_group`) VALUES (7, 'a');
INSERT INTO `Group` (`id_Group`, `Name_group`) VALUES (8, 'minus');
INSERT INTO `Group` (`id_Group`, `Name_group`) VALUES (9, 'enim');
INSERT INTO `Group` (`id_Group`, `Name_group`) VALUES (10, 'sunt');
INSERT INTO `Group` (`id_Group`, `Name_group`) VALUES (11, 'harum');
INSERT INTO `Group` (`id_Group`, `Name_group`) VALUES (12, 'pariatur');
INSERT INTO `Group` (`id_Group`, `Name_group`) VALUES (13, 'quia');
INSERT INTO `Group` (`id_Group`, `Name_group`) VALUES (14, 'odio');
INSERT INTO `Group` (`id_Group`, `Name_group`) VALUES (15, 'mollitia');
INSERT INTO `Group` (`id_Group`, `Name_group`) VALUES (16, 'ut');
INSERT INTO `Group` (`id_Group`, `Name_group`) VALUES (17, 'distinctio');
INSERT INTO `Group` (`id_Group`, `Name_group`) VALUES (18, 'quam');
INSERT INTO `Group` (`id_Group`, `Name_group`) VALUES (19, 'consequuntur');
INSERT INTO `Group` (`id_Group`, `Name_group`) VALUES (20, 'nobis');
INSERT INTO `Group` (`id_Group`, `Name_group`) VALUES (21, 'molestiae');
INSERT INTO `Group` (`id_Group`, `Name_group`) VALUES (22, 'velit');
INSERT INTO `Group` (`id_Group`, `Name_group`) VALUES (23, 'eligendi');
INSERT INTO `Group` (`id_Group`, `Name_group`) VALUES (24, 'aliquam');
INSERT INTO `Group` (`id_Group`, `Name_group`) VALUES (25, 'dolores');
INSERT INTO `Group` (`id_Group`, `Name_group`) VALUES (26, 'maxime');
INSERT INTO `Group` (`id_Group`, `Name_group`) VALUES (27, 'sunt');
INSERT INTO `Group` (`id_Group`, `Name_group`) VALUES (28, 'odit');
INSERT INTO `Group` (`id_Group`, `Name_group`) VALUES (29, 'voluptatum');
INSERT INTO `Group` (`id_Group`, `Name_group`) VALUES (30, 'quia');
INSERT INTO `Group` (`id_Group`, `Name_group`) VALUES (31, 'facere');
INSERT INTO `Group` (`id_Group`, `Name_group`) VALUES (32, 'deserunt');
INSERT INTO `Group` (`id_Group`, `Name_group`) VALUES (33, 'et');
INSERT INTO `Group` (`id_Group`, `Name_group`) VALUES (34, 'non');
INSERT INTO `Group` (`id_Group`, `Name_group`) VALUES (35, 'qui');
INSERT INTO `Group` (`id_Group`, `Name_group`) VALUES (36, 'rem');
INSERT INTO `Group` (`id_Group`, `Name_group`) VALUES (37, 'harum');
INSERT INTO `Group` (`id_Group`, `Name_group`) VALUES (38, 'amet');
INSERT INTO `Group` (`id_Group`, `Name_group`) VALUES (39, 'sequi');
INSERT INTO `Group` (`id_Group`, `Name_group`) VALUES (40, 'dolorem');
INSERT INTO `Group` (`id_Group`, `Name_group`) VALUES (41, 'provident');
INSERT INTO `Group` (`id_Group`, `Name_group`) VALUES (42, 'enim');
INSERT INTO `Group` (`id_Group`, `Name_group`) VALUES (43, 'velit');
INSERT INTO `Group` (`id_Group`, `Name_group`) VALUES (44, 'qui');
INSERT INTO `Group` (`id_Group`, `Name_group`) VALUES (45, 'recusandae');
INSERT INTO `Group` (`id_Group`, `Name_group`) VALUES (46, 'aut');
INSERT INTO `Group` (`id_Group`, `Name_group`) VALUES (47, 'nisi');
INSERT INTO `Group` (`id_Group`, `Name_group`) VALUES (48, 'repellat');
INSERT INTO `Group` (`id_Group`, `Name_group`) VALUES (49, 'quisquam');
INSERT INTO `Group` (`id_Group`, `Name_group`) VALUES (50, 'corrupti');
INSERT INTO `Group` (`id_Group`, `Name_group`) VALUES (51, 'aut');
INSERT INTO `Group` (`id_Group`, `Name_group`) VALUES (52, 'voluptate');
INSERT INTO `Group` (`id_Group`, `Name_group`) VALUES (53, 'commodi');
INSERT INTO `Group` (`id_Group`, `Name_group`) VALUES (54, 'magni');
INSERT INTO `Group` (`id_Group`, `Name_group`) VALUES (55, 'et');
INSERT INTO `Group` (`id_Group`, `Name_group`) VALUES (56, 'facilis');
INSERT INTO `Group` (`id_Group`, `Name_group`) VALUES (57, 'sed');
INSERT INTO `Group` (`id_Group`, `Name_group`) VALUES (58, 'molestiae');
INSERT INTO `Group` (`id_Group`, `Name_group`) VALUES (59, 'exercitationem');
INSERT INTO `Group` (`id_Group`, `Name_group`) VALUES (60, 'molestiae');
INSERT INTO `Group` (`id_Group`, `Name_group`) VALUES (61, 'ut');
INSERT INTO `Group` (`id_Group`, `Name_group`) VALUES (62, 'dicta');
INSERT INTO `Group` (`id_Group`, `Name_group`) VALUES (63, 'iste');
INSERT INTO `Group` (`id_Group`, `Name_group`) VALUES (64, 'nihil');
INSERT INTO `Group` (`id_Group`, `Name_group`) VALUES (65, 'in');
INSERT INTO `Group` (`id_Group`, `Name_group`) VALUES (66, 'molestiae');
INSERT INTO `Group` (`id_Group`, `Name_group`) VALUES (67, 'quis');
INSERT INTO `Group` (`id_Group`, `Name_group`) VALUES (68, 'qui');
INSERT INTO `Group` (`id_Group`, `Name_group`) VALUES (69, 'tempore');
INSERT INTO `Group` (`id_Group`, `Name_group`) VALUES (70, 'in');
INSERT INTO `Group` (`id_Group`, `Name_group`) VALUES (71, 'fugit');
INSERT INTO `Group` (`id_Group`, `Name_group`) VALUES (72, 'ipsum');
INSERT INTO `Group` (`id_Group`, `Name_group`) VALUES (73, 'ut');
INSERT INTO `Group` (`id_Group`, `Name_group`) VALUES (74, 'commodi');
INSERT INTO `Group` (`id_Group`, `Name_group`) VALUES (75, 'vel');
INSERT INTO `Group` (`id_Group`, `Name_group`) VALUES (76, 'iusto');
INSERT INTO `Group` (`id_Group`, `Name_group`) VALUES (77, 'aut');
INSERT INTO `Group` (`id_Group`, `Name_group`) VALUES (78, 'sint');
INSERT INTO `Group` (`id_Group`, `Name_group`) VALUES (79, 'aut');
INSERT INTO `Group` (`id_Group`, `Name_group`) VALUES (80, 'nulla');
INSERT INTO `Group` (`id_Group`, `Name_group`) VALUES (81, 'repudiandae');
INSERT INTO `Group` (`id_Group`, `Name_group`) VALUES (82, 'ut');
INSERT INTO `Group` (`id_Group`, `Name_group`) VALUES (83, 'incidunt');
INSERT INTO `Group` (`id_Group`, `Name_group`) VALUES (84, 'in');
INSERT INTO `Group` (`id_Group`, `Name_group`) VALUES (85, 'quos');
INSERT INTO `Group` (`id_Group`, `Name_group`) VALUES (86, 'saepe');
INSERT INTO `Group` (`id_Group`, `Name_group`) VALUES (87, 'ad');
INSERT INTO `Group` (`id_Group`, `Name_group`) VALUES (88, 'dolores');
INSERT INTO `Group` (`id_Group`, `Name_group`) VALUES (89, 'a');
INSERT INTO `Group` (`id_Group`, `Name_group`) VALUES (90, 'dicta');
INSERT INTO `Group` (`id_Group`, `Name_group`) VALUES (91, 'dolorum');
INSERT INTO `Group` (`id_Group`, `Name_group`) VALUES (92, 'unde');
INSERT INTO `Group` (`id_Group`, `Name_group`) VALUES (93, 'aut');
INSERT INTO `Group` (`id_Group`, `Name_group`) VALUES (94, 'voluptatibus');
INSERT INTO `Group` (`id_Group`, `Name_group`) VALUES (95, 'inventore');
INSERT INTO `Group` (`id_Group`, `Name_group`) VALUES (96, 'impedit');
INSERT INTO `Group` (`id_Group`, `Name_group`) VALUES (97, 'inventore');
INSERT INTO `Group` (`id_Group`, `Name_group`) VALUES (98, 'consequatur');
INSERT INTO `Group` (`id_Group`, `Name_group`) VALUES (99, 'aliquid');
INSERT INTO `Group` (`id_Group`, `Name_group`) VALUES (100, 'repudiandae');




DROP TABLE IF EXISTS `Ingredients`; 
CREATE TABLE `Ingredients` ( 
id_Ingredients INT primary key not null auto_increment unique, 
Names CHAR(45) not null, 
cost_price int not null, 
Unit_of_measurement int not null); 
 
INSERT INTO `Ingredients` (`id_Ingredients`, `Names`, `cost_price`, `Unit_of_measurement`) VALUES (1, 'ipsam', 427024091, 99);
INSERT INTO `Ingredients` (`id_Ingredients`, `Names`, `cost_price`, `Unit_of_measurement`) VALUES (2, 'et', 0, 69);
INSERT INTO `Ingredients` (`id_Ingredients`, `Names`, `cost_price`, `Unit_of_measurement`) VALUES (3, 'mollitia', 16446555, 79);
INSERT INTO `Ingredients` (`id_Ingredients`, `Names`, `cost_price`, `Unit_of_measurement`) VALUES (4, 'dolores', 70447842, 9);
INSERT INTO `Ingredients` (`id_Ingredients`, `Names`, `cost_price`, `Unit_of_measurement`) VALUES (5, 'facere', 77067, 32);
INSERT INTO `Ingredients` (`id_Ingredients`, `Names`, `cost_price`, `Unit_of_measurement`) VALUES (6, 'sed', 57, 48);
INSERT INTO `Ingredients` (`id_Ingredients`, `Names`, `cost_price`, `Unit_of_measurement`) VALUES (7, 'sapiente', 1658, 26);
INSERT INTO `Ingredients` (`id_Ingredients`, `Names`, `cost_price`, `Unit_of_measurement`) VALUES (8, 'animi', 629352, 23);
INSERT INTO `Ingredients` (`id_Ingredients`, `Names`, `cost_price`, `Unit_of_measurement`) VALUES (9, 'ipsam', 5619501, 71);
INSERT INTO `Ingredients` (`id_Ingredients`, `Names`, `cost_price`, `Unit_of_measurement`) VALUES (10, 'exercitationem', 4, 12);
INSERT INTO `Ingredients` (`id_Ingredients`, `Names`, `cost_price`, `Unit_of_measurement`) VALUES (11, 'nihil', 0, 71);
INSERT INTO `Ingredients` (`id_Ingredients`, `Names`, `cost_price`, `Unit_of_measurement`) VALUES (12, 'molestiae', 0, 71);
INSERT INTO `Ingredients` (`id_Ingredients`, `Names`, `cost_price`, `Unit_of_measurement`) VALUES (13, 'sint', 47087133, 7);
INSERT INTO `Ingredients` (`id_Ingredients`, `Names`, `cost_price`, `Unit_of_measurement`) VALUES (14, 'veritatis', 0, 50);
INSERT INTO `Ingredients` (`id_Ingredients`, `Names`, `cost_price`, `Unit_of_measurement`) VALUES (15, 'maxime', 3, 88);
INSERT INTO `Ingredients` (`id_Ingredients`, `Names`, `cost_price`, `Unit_of_measurement`) VALUES (16, 'omnis', 147, 55);
INSERT INTO `Ingredients` (`id_Ingredients`, `Names`, `cost_price`, `Unit_of_measurement`) VALUES (17, 'assumenda', 4, 70);
INSERT INTO `Ingredients` (`id_Ingredients`, `Names`, `cost_price`, `Unit_of_measurement`) VALUES (18, 'laborum', 38607735, 75);
INSERT INTO `Ingredients` (`id_Ingredients`, `Names`, `cost_price`, `Unit_of_measurement`) VALUES (19, 'dolores', 99, 91);
INSERT INTO `Ingredients` (`id_Ingredients`, `Names`, `cost_price`, `Unit_of_measurement`) VALUES (20, 'nemo', 4, 6);
INSERT INTO `Ingredients` (`id_Ingredients`, `Names`, `cost_price`, `Unit_of_measurement`) VALUES (21, 'voluptatum', 16433, 33);
INSERT INTO `Ingredients` (`id_Ingredients`, `Names`, `cost_price`, `Unit_of_measurement`) VALUES (22, 'sit', 0, 22);
INSERT INTO `Ingredients` (`id_Ingredients`, `Names`, `cost_price`, `Unit_of_measurement`) VALUES (23, 'qui', 1087, 9);
INSERT INTO `Ingredients` (`id_Ingredients`, `Names`, `cost_price`, `Unit_of_measurement`) VALUES (24, 'et', 0, 88);
INSERT INTO `Ingredients` (`id_Ingredients`, `Names`, `cost_price`, `Unit_of_measurement`) VALUES (25, 'consequatur', 4234611, 11);
INSERT INTO `Ingredients` (`id_Ingredients`, `Names`, `cost_price`, `Unit_of_measurement`) VALUES (26, 'reprehenderit', 430, 28);
INSERT INTO `Ingredients` (`id_Ingredients`, `Names`, `cost_price`, `Unit_of_measurement`) VALUES (27, 'dolorum', 74, 69);
INSERT INTO `Ingredients` (`id_Ingredients`, `Names`, `cost_price`, `Unit_of_measurement`) VALUES (28, 'illo', 8809, 7);
INSERT INTO `Ingredients` (`id_Ingredients`, `Names`, `cost_price`, `Unit_of_measurement`) VALUES (29, 'tenetur', 0, 75);
INSERT INTO `Ingredients` (`id_Ingredients`, `Names`, `cost_price`, `Unit_of_measurement`) VALUES (30, 'voluptate', 9, 96);
INSERT INTO `Ingredients` (`id_Ingredients`, `Names`, `cost_price`, `Unit_of_measurement`) VALUES (31, 'quidem', 3, 51);
INSERT INTO `Ingredients` (`id_Ingredients`, `Names`, `cost_price`, `Unit_of_measurement`) VALUES (32, 'mollitia', 549557, 40);
INSERT INTO `Ingredients` (`id_Ingredients`, `Names`, `cost_price`, `Unit_of_measurement`) VALUES (33, 'hic', 13616, 84);
INSERT INTO `Ingredients` (`id_Ingredients`, `Names`, `cost_price`, `Unit_of_measurement`) VALUES (34, 'consequuntur', 20444734, 15);
INSERT INTO `Ingredients` (`id_Ingredients`, `Names`, `cost_price`, `Unit_of_measurement`) VALUES (35, 'reiciendis', 31982843, 8);
INSERT INTO `Ingredients` (`id_Ingredients`, `Names`, `cost_price`, `Unit_of_measurement`) VALUES (36, 'voluptas', 422, 20);
INSERT INTO `Ingredients` (`id_Ingredients`, `Names`, `cost_price`, `Unit_of_measurement`) VALUES (37, 'autem', 32, 37);
INSERT INTO `Ingredients` (`id_Ingredients`, `Names`, `cost_price`, `Unit_of_measurement`) VALUES (38, 'provident', 0, 80);
INSERT INTO `Ingredients` (`id_Ingredients`, `Names`, `cost_price`, `Unit_of_measurement`) VALUES (39, 'consequatur', 54043, 23);
INSERT INTO `Ingredients` (`id_Ingredients`, `Names`, `cost_price`, `Unit_of_measurement`) VALUES (40, 'voluptatem', 636, 21);
INSERT INTO `Ingredients` (`id_Ingredients`, `Names`, `cost_price`, `Unit_of_measurement`) VALUES (41, 'rem', 290, 46);
INSERT INTO `Ingredients` (`id_Ingredients`, `Names`, `cost_price`, `Unit_of_measurement`) VALUES (42, 'quis', 0, 51);
INSERT INTO `Ingredients` (`id_Ingredients`, `Names`, `cost_price`, `Unit_of_measurement`) VALUES (43, 'ducimus', 2138, 3);
INSERT INTO `Ingredients` (`id_Ingredients`, `Names`, `cost_price`, `Unit_of_measurement`) VALUES (44, 'sed', 389854, 2);
INSERT INTO `Ingredients` (`id_Ingredients`, `Names`, `cost_price`, `Unit_of_measurement`) VALUES (45, 'quod', 2, 27);
INSERT INTO `Ingredients` (`id_Ingredients`, `Names`, `cost_price`, `Unit_of_measurement`) VALUES (46, 'labore', 0, 94);
INSERT INTO `Ingredients` (`id_Ingredients`, `Names`, `cost_price`, `Unit_of_measurement`) VALUES (47, 'quae', 1793, 93);
INSERT INTO `Ingredients` (`id_Ingredients`, `Names`, `cost_price`, `Unit_of_measurement`) VALUES (48, 'quasi', 16, 39);
INSERT INTO `Ingredients` (`id_Ingredients`, `Names`, `cost_price`, `Unit_of_measurement`) VALUES (49, 'occaecati', 39, 51);
INSERT INTO `Ingredients` (`id_Ingredients`, `Names`, `cost_price`, `Unit_of_measurement`) VALUES (50, 'et', 260172, 4);
INSERT INTO `Ingredients` (`id_Ingredients`, `Names`, `cost_price`, `Unit_of_measurement`) VALUES (51, 'molestiae', 7, 100);
INSERT INTO `Ingredients` (`id_Ingredients`, `Names`, `cost_price`, `Unit_of_measurement`) VALUES (52, 'sunt', 4687851, 10);
INSERT INTO `Ingredients` (`id_Ingredients`, `Names`, `cost_price`, `Unit_of_measurement`) VALUES (53, 'ut', 39, 62);
INSERT INTO `Ingredients` (`id_Ingredients`, `Names`, `cost_price`, `Unit_of_measurement`) VALUES (54, 'ea', 1662663, 24);
INSERT INTO `Ingredients` (`id_Ingredients`, `Names`, `cost_price`, `Unit_of_measurement`) VALUES (55, 'vitae', 34172, 38);
INSERT INTO `Ingredients` (`id_Ingredients`, `Names`, `cost_price`, `Unit_of_measurement`) VALUES (56, 'voluptas', 0, 51);
INSERT INTO `Ingredients` (`id_Ingredients`, `Names`, `cost_price`, `Unit_of_measurement`) VALUES (57, 'occaecati', 417, 42);
INSERT INTO `Ingredients` (`id_Ingredients`, `Names`, `cost_price`, `Unit_of_measurement`) VALUES (58, 'odio', 55165951, 26);
INSERT INTO `Ingredients` (`id_Ingredients`, `Names`, `cost_price`, `Unit_of_measurement`) VALUES (59, 'soluta', 47179855, 93);
INSERT INTO `Ingredients` (`id_Ingredients`, `Names`, `cost_price`, `Unit_of_measurement`) VALUES (60, 'qui', 295736, 40);
INSERT INTO `Ingredients` (`id_Ingredients`, `Names`, `cost_price`, `Unit_of_measurement`) VALUES (61, 'provident', 42, 2);
INSERT INTO `Ingredients` (`id_Ingredients`, `Names`, `cost_price`, `Unit_of_measurement`) VALUES (62, 'totam', 1787, 19);
INSERT INTO `Ingredients` (`id_Ingredients`, `Names`, `cost_price`, `Unit_of_measurement`) VALUES (63, 'velit', 0, 43);
INSERT INTO `Ingredients` (`id_Ingredients`, `Names`, `cost_price`, `Unit_of_measurement`) VALUES (64, 'et', 5336911, 27);
INSERT INTO `Ingredients` (`id_Ingredients`, `Names`, `cost_price`, `Unit_of_measurement`) VALUES (65, 'consequuntur', 20160553, 90);
INSERT INTO `Ingredients` (`id_Ingredients`, `Names`, `cost_price`, `Unit_of_measurement`) VALUES (66, 'a', 55301105, 79);
INSERT INTO `Ingredients` (`id_Ingredients`, `Names`, `cost_price`, `Unit_of_measurement`) VALUES (67, 'minus', 65776, 8);
INSERT INTO `Ingredients` (`id_Ingredients`, `Names`, `cost_price`, `Unit_of_measurement`) VALUES (68, 'quis', 284, 64);
INSERT INTO `Ingredients` (`id_Ingredients`, `Names`, `cost_price`, `Unit_of_measurement`) VALUES (69, 'hic', 129423, 1);
INSERT INTO `Ingredients` (`id_Ingredients`, `Names`, `cost_price`, `Unit_of_measurement`) VALUES (70, 'sunt', 609, 35);
INSERT INTO `Ingredients` (`id_Ingredients`, `Names`, `cost_price`, `Unit_of_measurement`) VALUES (71, 'deserunt', 2848, 28);
INSERT INTO `Ingredients` (`id_Ingredients`, `Names`, `cost_price`, `Unit_of_measurement`) VALUES (72, 'sit', 420204580, 24);
INSERT INTO `Ingredients` (`id_Ingredients`, `Names`, `cost_price`, `Unit_of_measurement`) VALUES (73, 'suscipit', 2370, 92);
INSERT INTO `Ingredients` (`id_Ingredients`, `Names`, `cost_price`, `Unit_of_measurement`) VALUES (74, 'perferendis', 177, 4);
INSERT INTO `Ingredients` (`id_Ingredients`, `Names`, `cost_price`, `Unit_of_measurement`) VALUES (75, 'voluptas', 27530, 15);
INSERT INTO `Ingredients` (`id_Ingredients`, `Names`, `cost_price`, `Unit_of_measurement`) VALUES (76, 'assumenda', 2, 36);
INSERT INTO `Ingredients` (`id_Ingredients`, `Names`, `cost_price`, `Unit_of_measurement`) VALUES (77, 'et', 1607659, 37);
INSERT INTO `Ingredients` (`id_Ingredients`, `Names`, `cost_price`, `Unit_of_measurement`) VALUES (78, 'veniam', 22508446, 87);
INSERT INTO `Ingredients` (`id_Ingredients`, `Names`, `cost_price`, `Unit_of_measurement`) VALUES (79, 'voluptate', 2335302, 75);
INSERT INTO `Ingredients` (`id_Ingredients`, `Names`, `cost_price`, `Unit_of_measurement`) VALUES (80, 'sequi', 7, 98);
INSERT INTO `Ingredients` (`id_Ingredients`, `Names`, `cost_price`, `Unit_of_measurement`) VALUES (81, 'suscipit', 594923, 63);
INSERT INTO `Ingredients` (`id_Ingredients`, `Names`, `cost_price`, `Unit_of_measurement`) VALUES (82, 'quos', 173590, 88);
INSERT INTO `Ingredients` (`id_Ingredients`, `Names`, `cost_price`, `Unit_of_measurement`) VALUES (83, 'omnis', 278616012, 57);
INSERT INTO `Ingredients` (`id_Ingredients`, `Names`, `cost_price`, `Unit_of_measurement`) VALUES (84, 'aliquam', 4, 14);
INSERT INTO `Ingredients` (`id_Ingredients`, `Names`, `cost_price`, `Unit_of_measurement`) VALUES (85, 'optio', 17238, 80);
INSERT INTO `Ingredients` (`id_Ingredients`, `Names`, `cost_price`, `Unit_of_measurement`) VALUES (86, 'fuga', 5858592, 6);
INSERT INTO `Ingredients` (`id_Ingredients`, `Names`, `cost_price`, `Unit_of_measurement`) VALUES (87, 'earum', 577671310, 87);
INSERT INTO `Ingredients` (`id_Ingredients`, `Names`, `cost_price`, `Unit_of_measurement`) VALUES (88, 'rem', 15947210, 88);
INSERT INTO `Ingredients` (`id_Ingredients`, `Names`, `cost_price`, `Unit_of_measurement`) VALUES (89, 'fugiat', 27339, 83);
INSERT INTO `Ingredients` (`id_Ingredients`, `Names`, `cost_price`, `Unit_of_measurement`) VALUES (90, 'rerum', 11453518, 50);
INSERT INTO `Ingredients` (`id_Ingredients`, `Names`, `cost_price`, `Unit_of_measurement`) VALUES (91, 'numquam', 5608, 78);
INSERT INTO `Ingredients` (`id_Ingredients`, `Names`, `cost_price`, `Unit_of_measurement`) VALUES (92, 'omnis', 0, 44);
INSERT INTO `Ingredients` (`id_Ingredients`, `Names`, `cost_price`, `Unit_of_measurement`) VALUES (93, 'deleniti', 17, 92);
INSERT INTO `Ingredients` (`id_Ingredients`, `Names`, `cost_price`, `Unit_of_measurement`) VALUES (94, 'modi', 58749129, 92);
INSERT INTO `Ingredients` (`id_Ingredients`, `Names`, `cost_price`, `Unit_of_measurement`) VALUES (95, 'at', 2063681, 63);
INSERT INTO `Ingredients` (`id_Ingredients`, `Names`, `cost_price`, `Unit_of_measurement`) VALUES (96, 'aspernatur', 56253496, 78);
INSERT INTO `Ingredients` (`id_Ingredients`, `Names`, `cost_price`, `Unit_of_measurement`) VALUES (97, 'occaecati', 5510941, 52);
INSERT INTO `Ingredients` (`id_Ingredients`, `Names`, `cost_price`, `Unit_of_measurement`) VALUES (98, 'ex', 13121, 92);
INSERT INTO `Ingredients` (`id_Ingredients`, `Names`, `cost_price`, `Unit_of_measurement`) VALUES (99, 'non', 1038, 47);
INSERT INTO `Ingredients` (`id_Ingredients`, `Names`, `cost_price`, `Unit_of_measurement`) VALUES (100, 'quo', 21527327, 46);




DROP TABLE IF EXISTS `Dishes`; 
CREATE TABLE `Dishes` ( 
id_Dishes INT primary key not null auto_increment unique, 
Names CHAR(45) not null, 
Group_id int not null, 
Interview CHAR(225), 
Price int not null, 
Extra_charge int not null, 
foreign key (Group_id) references `Group` (id_Group)); 
 
INSERT INTO `Dishes` (`id_Dishes`, `Names`, `Group_id`, `Interview`, `Price`, `Extra_charge`) VALUES (1, 'voluptatum', 11, 'rerum', 513, 56);
INSERT INTO `Dishes` (`id_Dishes`, `Names`, `Group_id`, `Interview`, `Price`, `Extra_charge`) VALUES (2, 'ducimus', 5, 'voluptas', 1607, 53);
INSERT INTO `Dishes` (`id_Dishes`, `Names`, `Group_id`, `Interview`, `Price`, `Extra_charge`) VALUES (3, 'officiis', 49, 'et', 0, 4);
INSERT INTO `Dishes` (`id_Dishes`, `Names`, `Group_id`, `Interview`, `Price`, `Extra_charge`) VALUES (4, 'et', 95, 'ea', 373, 74);
INSERT INTO `Dishes` (`id_Dishes`, `Names`, `Group_id`, `Interview`, `Price`, `Extra_charge`) VALUES (5, 'at', 27, 'occaecati', 2, 84);
INSERT INTO `Dishes` (`id_Dishes`, `Names`, `Group_id`, `Interview`, `Price`, `Extra_charge`) VALUES (6, 'ipsam', 45, 'officia', 592472, 26);
INSERT INTO `Dishes` (`id_Dishes`, `Names`, `Group_id`, `Interview`, `Price`, `Extra_charge`) VALUES (7, 'ducimus', 61, 'reiciendis', 112944, 83);
INSERT INTO `Dishes` (`id_Dishes`, `Names`, `Group_id`, `Interview`, `Price`, `Extra_charge`) VALUES (8, 'explicabo', 78, 'velit', 0, 15);
INSERT INTO `Dishes` (`id_Dishes`, `Names`, `Group_id`, `Interview`, `Price`, `Extra_charge`) VALUES (9, 'maiores', 98, 'odit', 22363594, 86);
INSERT INTO `Dishes` (`id_Dishes`, `Names`, `Group_id`, `Interview`, `Price`, `Extra_charge`) VALUES (10, 'impedit', 80, 'harum', 4794455, 8);
INSERT INTO `Dishes` (`id_Dishes`, `Names`, `Group_id`, `Interview`, `Price`, `Extra_charge`) VALUES (11, 'qui', 28, 'dolores', 6, 79);
INSERT INTO `Dishes` (`id_Dishes`, `Names`, `Group_id`, `Interview`, `Price`, `Extra_charge`) VALUES (12, 'quod', 21, 'provident', 225403, 95);
INSERT INTO `Dishes` (`id_Dishes`, `Names`, `Group_id`, `Interview`, `Price`, `Extra_charge`) VALUES (13, 'eum', 24, 'rem', 0, 52);
INSERT INTO `Dishes` (`id_Dishes`, `Names`, `Group_id`, `Interview`, `Price`, `Extra_charge`) VALUES (14, 'consequuntur', 31, 'consectetur', 103046274, 24);
INSERT INTO `Dishes` (`id_Dishes`, `Names`, `Group_id`, `Interview`, `Price`, `Extra_charge`) VALUES (15, 'ab', 83, 'sunt', 20696517, 52);
INSERT INTO `Dishes` (`id_Dishes`, `Names`, `Group_id`, `Interview`, `Price`, `Extra_charge`) VALUES (16, 'minus', 79, 'pariatur', 2, 55);
INSERT INTO `Dishes` (`id_Dishes`, `Names`, `Group_id`, `Interview`, `Price`, `Extra_charge`) VALUES (17, 'consequuntur', 54, 'nesciunt', 6623818, 80);
INSERT INTO `Dishes` (`id_Dishes`, `Names`, `Group_id`, `Interview`, `Price`, `Extra_charge`) VALUES (18, 'ex', 31, 'est', 1, 94);
INSERT INTO `Dishes` (`id_Dishes`, `Names`, `Group_id`, `Interview`, `Price`, `Extra_charge`) VALUES (19, 'asperiores', 40, 'reprehenderit', 124308, 10);
INSERT INTO `Dishes` (`id_Dishes`, `Names`, `Group_id`, `Interview`, `Price`, `Extra_charge`) VALUES (20, 'labore', 22, 'quasi', 15, 10);
INSERT INTO `Dishes` (`id_Dishes`, `Names`, `Group_id`, `Interview`, `Price`, `Extra_charge`) VALUES (21, 'architecto', 92, 'placeat', 624010, 3);
INSERT INTO `Dishes` (`id_Dishes`, `Names`, `Group_id`, `Interview`, `Price`, `Extra_charge`) VALUES (22, 'deleniti', 94, 'provident', 0, 92);
INSERT INTO `Dishes` (`id_Dishes`, `Names`, `Group_id`, `Interview`, `Price`, `Extra_charge`) VALUES (23, 'a', 30, 'nulla', 0, 83);
INSERT INTO `Dishes` (`id_Dishes`, `Names`, `Group_id`, `Interview`, `Price`, `Extra_charge`) VALUES (24, 'sint', 22, 'aperiam', 0, 25);
INSERT INTO `Dishes` (`id_Dishes`, `Names`, `Group_id`, `Interview`, `Price`, `Extra_charge`) VALUES (25, 'ex', 53, 'eligendi', 2461969, 38);
INSERT INTO `Dishes` (`id_Dishes`, `Names`, `Group_id`, `Interview`, `Price`, `Extra_charge`) VALUES (26, 'optio', 67, 'sapiente', 13697896, 3);
INSERT INTO `Dishes` (`id_Dishes`, `Names`, `Group_id`, `Interview`, `Price`, `Extra_charge`) VALUES (27, 'rerum', 49, 'eum', 6, 23);
INSERT INTO `Dishes` (`id_Dishes`, `Names`, `Group_id`, `Interview`, `Price`, `Extra_charge`) VALUES (28, 'beatae', 75, 'laborum', 0, 70);
INSERT INTO `Dishes` (`id_Dishes`, `Names`, `Group_id`, `Interview`, `Price`, `Extra_charge`) VALUES (29, 'non', 49, 'fuga', 33025, 22);
INSERT INTO `Dishes` (`id_Dishes`, `Names`, `Group_id`, `Interview`, `Price`, `Extra_charge`) VALUES (30, 'velit', 25, 'quis', 7439733, 28);
INSERT INTO `Dishes` (`id_Dishes`, `Names`, `Group_id`, `Interview`, `Price`, `Extra_charge`) VALUES (31, 'vel', 61, 'debitis', 28, 74);
INSERT INTO `Dishes` (`id_Dishes`, `Names`, `Group_id`, `Interview`, `Price`, `Extra_charge`) VALUES (32, 'dolore', 26, 'omnis', 14, 91);
INSERT INTO `Dishes` (`id_Dishes`, `Names`, `Group_id`, `Interview`, `Price`, `Extra_charge`) VALUES (33, 'voluptatem', 22, 'accusamus', 7, 6);
INSERT INTO `Dishes` (`id_Dishes`, `Names`, `Group_id`, `Interview`, `Price`, `Extra_charge`) VALUES (34, 'soluta', 5, 'delectus', 2354, 76);
INSERT INTO `Dishes` (`id_Dishes`, `Names`, `Group_id`, `Interview`, `Price`, `Extra_charge`) VALUES (35, 'commodi', 31, 'porro', 454656, 59);
INSERT INTO `Dishes` (`id_Dishes`, `Names`, `Group_id`, `Interview`, `Price`, `Extra_charge`) VALUES (36, 'a', 79, 'et', 60, 27);
INSERT INTO `Dishes` (`id_Dishes`, `Names`, `Group_id`, `Interview`, `Price`, `Extra_charge`) VALUES (37, 'et', 4, 'voluptatum', 33295754, 8);
INSERT INTO `Dishes` (`id_Dishes`, `Names`, `Group_id`, `Interview`, `Price`, `Extra_charge`) VALUES (38, 'et', 21, 'perspiciatis', 299136, 37);
INSERT INTO `Dishes` (`id_Dishes`, `Names`, `Group_id`, `Interview`, `Price`, `Extra_charge`) VALUES (39, 'sunt', 93, 'repellendus', 200639, 64);
INSERT INTO `Dishes` (`id_Dishes`, `Names`, `Group_id`, `Interview`, `Price`, `Extra_charge`) VALUES (40, 'ea', 51, 'non', 31605186, 8);
INSERT INTO `Dishes` (`id_Dishes`, `Names`, `Group_id`, `Interview`, `Price`, `Extra_charge`) VALUES (41, 'consequatur', 54, 'doloribus', 69, 26);
INSERT INTO `Dishes` (`id_Dishes`, `Names`, `Group_id`, `Interview`, `Price`, `Extra_charge`) VALUES (42, 'vel', 7, 'sunt', 0, 71);
INSERT INTO `Dishes` (`id_Dishes`, `Names`, `Group_id`, `Interview`, `Price`, `Extra_charge`) VALUES (43, 'doloribus', 84, 'dolor', 4972644, 57);
INSERT INTO `Dishes` (`id_Dishes`, `Names`, `Group_id`, `Interview`, `Price`, `Extra_charge`) VALUES (44, 'qui', 66, 'facere', 4, 18);
INSERT INTO `Dishes` (`id_Dishes`, `Names`, `Group_id`, `Interview`, `Price`, `Extra_charge`) VALUES (45, 'vel', 28, 'temporibus', 33891886, 36);
INSERT INTO `Dishes` (`id_Dishes`, `Names`, `Group_id`, `Interview`, `Price`, `Extra_charge`) VALUES (46, 'aut', 55, 'voluptatum', 614580, 78);
INSERT INTO `Dishes` (`id_Dishes`, `Names`, `Group_id`, `Interview`, `Price`, `Extra_charge`) VALUES (47, 'sint', 43, 'et', 114010, 1);
INSERT INTO `Dishes` (`id_Dishes`, `Names`, `Group_id`, `Interview`, `Price`, `Extra_charge`) VALUES (48, 'qui', 9, 'recusandae', 3348925, 6);
INSERT INTO `Dishes` (`id_Dishes`, `Names`, `Group_id`, `Interview`, `Price`, `Extra_charge`) VALUES (49, 'voluptatem', 99, 'expedita', 22, 39);
INSERT INTO `Dishes` (`id_Dishes`, `Names`, `Group_id`, `Interview`, `Price`, `Extra_charge`) VALUES (50, 'quidem', 36, 'quia', 105292023, 42);
INSERT INTO `Dishes` (`id_Dishes`, `Names`, `Group_id`, `Interview`, `Price`, `Extra_charge`) VALUES (51, 'nostrum', 85, 'aut', 163296, 33);
INSERT INTO `Dishes` (`id_Dishes`, `Names`, `Group_id`, `Interview`, `Price`, `Extra_charge`) VALUES (52, 'atque', 83, 'ipsam', 397551, 90);
INSERT INTO `Dishes` (`id_Dishes`, `Names`, `Group_id`, `Interview`, `Price`, `Extra_charge`) VALUES (53, 'dolor', 30, 'minus', 374072156, 59);
INSERT INTO `Dishes` (`id_Dishes`, `Names`, `Group_id`, `Interview`, `Price`, `Extra_charge`) VALUES (54, 'aut', 98, 'odio', 78, 88);
INSERT INTO `Dishes` (`id_Dishes`, `Names`, `Group_id`, `Interview`, `Price`, `Extra_charge`) VALUES (55, 'unde', 57, 'ratione', 0, 62);
INSERT INTO `Dishes` (`id_Dishes`, `Names`, `Group_id`, `Interview`, `Price`, `Extra_charge`) VALUES (56, 'dolor', 37, 'quis', 1486407, 82);
INSERT INTO `Dishes` (`id_Dishes`, `Names`, `Group_id`, `Interview`, `Price`, `Extra_charge`) VALUES (57, 'ipsa', 60, 'eos', 274021, 95);
INSERT INTO `Dishes` (`id_Dishes`, `Names`, `Group_id`, `Interview`, `Price`, `Extra_charge`) VALUES (58, 'ducimus', 50, 'maxime', 29412828, 91);
INSERT INTO `Dishes` (`id_Dishes`, `Names`, `Group_id`, `Interview`, `Price`, `Extra_charge`) VALUES (59, 'rerum', 13, 'tempora', 143786, 35);
INSERT INTO `Dishes` (`id_Dishes`, `Names`, `Group_id`, `Interview`, `Price`, `Extra_charge`) VALUES (60, 'doloremque', 2, 'quia', 41992, 59);
INSERT INTO `Dishes` (`id_Dishes`, `Names`, `Group_id`, `Interview`, `Price`, `Extra_charge`) VALUES (61, 'eum', 18, 'ut', 1687, 70);
INSERT INTO `Dishes` (`id_Dishes`, `Names`, `Group_id`, `Interview`, `Price`, `Extra_charge`) VALUES (62, 'nam', 14, 'ipsa', 130336218, 11);
INSERT INTO `Dishes` (`id_Dishes`, `Names`, `Group_id`, `Interview`, `Price`, `Extra_charge`) VALUES (63, 'numquam', 100, 'delectus', 540487579, 51);
INSERT INTO `Dishes` (`id_Dishes`, `Names`, `Group_id`, `Interview`, `Price`, `Extra_charge`) VALUES (64, 'autem', 67, 'facilis', 14927, 80);
INSERT INTO `Dishes` (`id_Dishes`, `Names`, `Group_id`, `Interview`, `Price`, `Extra_charge`) VALUES (65, 'cumque', 19, 'explicabo', 388, 26);
INSERT INTO `Dishes` (`id_Dishes`, `Names`, `Group_id`, `Interview`, `Price`, `Extra_charge`) VALUES (66, 'excepturi', 26, 'velit', 0, 40);
INSERT INTO `Dishes` (`id_Dishes`, `Names`, `Group_id`, `Interview`, `Price`, `Extra_charge`) VALUES (67, 'eos', 92, 'quisquam', 1, 2);
INSERT INTO `Dishes` (`id_Dishes`, `Names`, `Group_id`, `Interview`, `Price`, `Extra_charge`) VALUES (68, 'laudantium', 68, 'voluptas', 14163, 42);
INSERT INTO `Dishes` (`id_Dishes`, `Names`, `Group_id`, `Interview`, `Price`, `Extra_charge`) VALUES (69, 'quo', 37, 'occaecati', 1119, 98);
INSERT INTO `Dishes` (`id_Dishes`, `Names`, `Group_id`, `Interview`, `Price`, `Extra_charge`) VALUES (70, 'quia', 88, 'quasi', 128, 87);
INSERT INTO `Dishes` (`id_Dishes`, `Names`, `Group_id`, `Interview`, `Price`, `Extra_charge`) VALUES (71, 'quas', 83, 'aut', 133651, 27);
INSERT INTO `Dishes` (`id_Dishes`, `Names`, `Group_id`, `Interview`, `Price`, `Extra_charge`) VALUES (72, 'quis', 46, 'voluptates', 52, 42);
INSERT INTO `Dishes` (`id_Dishes`, `Names`, `Group_id`, `Interview`, `Price`, `Extra_charge`) VALUES (73, 'laboriosam', 11, 'et', 0, 42);
INSERT INTO `Dishes` (`id_Dishes`, `Names`, `Group_id`, `Interview`, `Price`, `Extra_charge`) VALUES (74, 'sed', 76, 'non', 16468, 54);
INSERT INTO `Dishes` (`id_Dishes`, `Names`, `Group_id`, `Interview`, `Price`, `Extra_charge`) VALUES (75, 'qui', 7, 'ut', 7, 74);
INSERT INTO `Dishes` (`id_Dishes`, `Names`, `Group_id`, `Interview`, `Price`, `Extra_charge`) VALUES (76, 'consectetur', 46, 'minus', 324, 58);
INSERT INTO `Dishes` (`id_Dishes`, `Names`, `Group_id`, `Interview`, `Price`, `Extra_charge`) VALUES (77, 'vel', 91, 'non', 0, 72);
INSERT INTO `Dishes` (`id_Dishes`, `Names`, `Group_id`, `Interview`, `Price`, `Extra_charge`) VALUES (78, 'voluptas', 93, 'deleniti', 25903, 65);
INSERT INTO `Dishes` (`id_Dishes`, `Names`, `Group_id`, `Interview`, `Price`, `Extra_charge`) VALUES (79, 'iste', 32, 'totam', 42, 18);
INSERT INTO `Dishes` (`id_Dishes`, `Names`, `Group_id`, `Interview`, `Price`, `Extra_charge`) VALUES (80, 'ab', 63, 'dolore', 271828826, 43);
INSERT INTO `Dishes` (`id_Dishes`, `Names`, `Group_id`, `Interview`, `Price`, `Extra_charge`) VALUES (81, 'nam', 43, 'totam', 1556, 33);
INSERT INTO `Dishes` (`id_Dishes`, `Names`, `Group_id`, `Interview`, `Price`, `Extra_charge`) VALUES (82, 'omnis', 59, 'sit', 0, 47);
INSERT INTO `Dishes` (`id_Dishes`, `Names`, `Group_id`, `Interview`, `Price`, `Extra_charge`) VALUES (83, 'necessitatibus', 7, 'voluptatem', 85, 59);
INSERT INTO `Dishes` (`id_Dishes`, `Names`, `Group_id`, `Interview`, `Price`, `Extra_charge`) VALUES (84, 'rem', 27, 'dolorum', 1025, 70);
INSERT INTO `Dishes` (`id_Dishes`, `Names`, `Group_id`, `Interview`, `Price`, `Extra_charge`) VALUES (85, 'et', 45, 'occaecati', 31755962, 41);
INSERT INTO `Dishes` (`id_Dishes`, `Names`, `Group_id`, `Interview`, `Price`, `Extra_charge`) VALUES (86, 'vitae', 29, 'hic', 0, 90);
INSERT INTO `Dishes` (`id_Dishes`, `Names`, `Group_id`, `Interview`, `Price`, `Extra_charge`) VALUES (87, 'enim', 60, 'illo', 0, 43);
INSERT INTO `Dishes` (`id_Dishes`, `Names`, `Group_id`, `Interview`, `Price`, `Extra_charge`) VALUES (88, 'nihil', 100, 'repellat', 11316, 26);
INSERT INTO `Dishes` (`id_Dishes`, `Names`, `Group_id`, `Interview`, `Price`, `Extra_charge`) VALUES (89, 'et', 32, 'voluptatem', 238, 65);
INSERT INTO `Dishes` (`id_Dishes`, `Names`, `Group_id`, `Interview`, `Price`, `Extra_charge`) VALUES (90, 'autem', 24, 'sint', 2253, 45);
INSERT INTO `Dishes` (`id_Dishes`, `Names`, `Group_id`, `Interview`, `Price`, `Extra_charge`) VALUES (91, 'praesentium', 29, 'quia', 1701, 28);
INSERT INTO `Dishes` (`id_Dishes`, `Names`, `Group_id`, `Interview`, `Price`, `Extra_charge`) VALUES (92, 'at', 83, 'iste', 0, 16);
INSERT INTO `Dishes` (`id_Dishes`, `Names`, `Group_id`, `Interview`, `Price`, `Extra_charge`) VALUES (93, 'excepturi', 79, 'nihil', 15, 50);
INSERT INTO `Dishes` (`id_Dishes`, `Names`, `Group_id`, `Interview`, `Price`, `Extra_charge`) VALUES (94, 'et', 74, 'quia', 63, 12);
INSERT INTO `Dishes` (`id_Dishes`, `Names`, `Group_id`, `Interview`, `Price`, `Extra_charge`) VALUES (95, 'deserunt', 6, 'quisquam', 935165315, 68);
INSERT INTO `Dishes` (`id_Dishes`, `Names`, `Group_id`, `Interview`, `Price`, `Extra_charge`) VALUES (96, 'repudiandae', 92, 'magnam', 38, 86);
INSERT INTO `Dishes` (`id_Dishes`, `Names`, `Group_id`, `Interview`, `Price`, `Extra_charge`) VALUES (97, 'quas', 21, 'voluptates', 54, 32);
INSERT INTO `Dishes` (`id_Dishes`, `Names`, `Group_id`, `Interview`, `Price`, `Extra_charge`) VALUES (98, 'nulla', 69, 'sed', 352891, 62);
INSERT INTO `Dishes` (`id_Dishes`, `Names`, `Group_id`, `Interview`, `Price`, `Extra_charge`) VALUES (99, 'esse', 52, 'labore', 521, 28);
INSERT INTO `Dishes` (`id_Dishes`, `Names`, `Group_id`, `Interview`, `Price`, `Extra_charge`) VALUES (100, 'tenetur', 31, 'vel', 50631004, 37);




DROP TABLE IF EXISTS `The_composition_of_the_dish`; 
CREATE TABLE `The_composition_of_the_dish` ( 
id_The_composition_of_the_dish INT primary key not null auto_increment unique, 
Ingredient_id int not null, 
Dishes_id int not null, 
Quantity int, 
cost_price INT not null, 
foreign KEY (Ingredient_id) REFERENCES `Ingredients` (id_Ingredients), 
foreign key (Dishes_id) references `Dishes` (id_Dishes)); 
 
INSERT INTO `The_composition_of_the_dish` (`id_The_composition_of_the_dish`, `Ingredient_id`, `Dishes_id`, `Quantity`, `cost_price`) VALUES (1, 63, 20, 4362446, 1826);
INSERT INTO `The_composition_of_the_dish` (`id_The_composition_of_the_dish`, `Ingredient_id`, `Dishes_id`, `Quantity`, `cost_price`) VALUES (2, 89, 15, 157937579, 0);
INSERT INTO `The_composition_of_the_dish` (`id_The_composition_of_the_dish`, `Ingredient_id`, `Dishes_id`, `Quantity`, `cost_price`) VALUES (3, 86, 16, 67747321, 98);
INSERT INTO `The_composition_of_the_dish` (`id_The_composition_of_the_dish`, `Ingredient_id`, `Dishes_id`, `Quantity`, `cost_price`) VALUES (4, 37, 31, 2025, 7000);
INSERT INTO `The_composition_of_the_dish` (`id_The_composition_of_the_dish`, `Ingredient_id`, `Dishes_id`, `Quantity`, `cost_price`) VALUES (5, 76, 79, 91311, 2564);
INSERT INTO `The_composition_of_the_dish` (`id_The_composition_of_the_dish`, `Ingredient_id`, `Dishes_id`, `Quantity`, `cost_price`) VALUES (6, 34, 23, 7, 3679353);
INSERT INTO `The_composition_of_the_dish` (`id_The_composition_of_the_dish`, `Ingredient_id`, `Dishes_id`, `Quantity`, `cost_price`) VALUES (7, 1, 32, 13730, 200);
INSERT INTO `The_composition_of_the_dish` (`id_The_composition_of_the_dish`, `Ingredient_id`, `Dishes_id`, `Quantity`, `cost_price`) VALUES (8, 86, 70, 182, 12145095);
INSERT INTO `The_composition_of_the_dish` (`id_The_composition_of_the_dish`, `Ingredient_id`, `Dishes_id`, `Quantity`, `cost_price`) VALUES (9, 74, 98, 394420, 67314);
INSERT INTO `The_composition_of_the_dish` (`id_The_composition_of_the_dish`, `Ingredient_id`, `Dishes_id`, `Quantity`, `cost_price`) VALUES (10, 43, 11, 159167327, 717);
INSERT INTO `The_composition_of_the_dish` (`id_The_composition_of_the_dish`, `Ingredient_id`, `Dishes_id`, `Quantity`, `cost_price`) VALUES (11, 100, 39, 4, 0);
INSERT INTO `The_composition_of_the_dish` (`id_The_composition_of_the_dish`, `Ingredient_id`, `Dishes_id`, `Quantity`, `cost_price`) VALUES (12, 39, 69, 535748730, 272365030);
INSERT INTO `The_composition_of_the_dish` (`id_The_composition_of_the_dish`, `Ingredient_id`, `Dishes_id`, `Quantity`, `cost_price`) VALUES (13, 72, 32, 449875, 258);
INSERT INTO `The_composition_of_the_dish` (`id_The_composition_of_the_dish`, `Ingredient_id`, `Dishes_id`, `Quantity`, `cost_price`) VALUES (14, 26, 51, 56196, 18096);
INSERT INTO `The_composition_of_the_dish` (`id_The_composition_of_the_dish`, `Ingredient_id`, `Dishes_id`, `Quantity`, `cost_price`) VALUES (15, 39, 69, 0, 633986879);
INSERT INTO `The_composition_of_the_dish` (`id_The_composition_of_the_dish`, `Ingredient_id`, `Dishes_id`, `Quantity`, `cost_price`) VALUES (16, 4, 64, 1259, 0);
INSERT INTO `The_composition_of_the_dish` (`id_The_composition_of_the_dish`, `Ingredient_id`, `Dishes_id`, `Quantity`, `cost_price`) VALUES (17, 81, 62, 0, 0);
INSERT INTO `The_composition_of_the_dish` (`id_The_composition_of_the_dish`, `Ingredient_id`, `Dishes_id`, `Quantity`, `cost_price`) VALUES (18, 63, 10, 3, 0);
INSERT INTO `The_composition_of_the_dish` (`id_The_composition_of_the_dish`, `Ingredient_id`, `Dishes_id`, `Quantity`, `cost_price`) VALUES (19, 92, 2, 12966043, 109669);
INSERT INTO `The_composition_of_the_dish` (`id_The_composition_of_the_dish`, `Ingredient_id`, `Dishes_id`, `Quantity`, `cost_price`) VALUES (20, 74, 22, 171876, 156);
INSERT INTO `The_composition_of_the_dish` (`id_The_composition_of_the_dish`, `Ingredient_id`, `Dishes_id`, `Quantity`, `cost_price`) VALUES (21, 88, 49, 188095676, 53603);
INSERT INTO `The_composition_of_the_dish` (`id_The_composition_of_the_dish`, `Ingredient_id`, `Dishes_id`, `Quantity`, `cost_price`) VALUES (22, 94, 87, 28766, 52);
INSERT INTO `The_composition_of_the_dish` (`id_The_composition_of_the_dish`, `Ingredient_id`, `Dishes_id`, `Quantity`, `cost_price`) VALUES (23, 65, 55, 0, 1);
INSERT INTO `The_composition_of_the_dish` (`id_The_composition_of_the_dish`, `Ingredient_id`, `Dishes_id`, `Quantity`, `cost_price`) VALUES (24, 84, 91, 1444, 46);
INSERT INTO `The_composition_of_the_dish` (`id_The_composition_of_the_dish`, `Ingredient_id`, `Dishes_id`, `Quantity`, `cost_price`) VALUES (25, 43, 74, 0, 395196);
INSERT INTO `The_composition_of_the_dish` (`id_The_composition_of_the_dish`, `Ingredient_id`, `Dishes_id`, `Quantity`, `cost_price`) VALUES (26, 68, 12, 47392086, 53);
INSERT INTO `The_composition_of_the_dish` (`id_The_composition_of_the_dish`, `Ingredient_id`, `Dishes_id`, `Quantity`, `cost_price`) VALUES (27, 18, 3, 2, 18910);
INSERT INTO `The_composition_of_the_dish` (`id_The_composition_of_the_dish`, `Ingredient_id`, `Dishes_id`, `Quantity`, `cost_price`) VALUES (28, 4, 31, 54, 0);
INSERT INTO `The_composition_of_the_dish` (`id_The_composition_of_the_dish`, `Ingredient_id`, `Dishes_id`, `Quantity`, `cost_price`) VALUES (29, 33, 58, 4, 0);
INSERT INTO `The_composition_of_the_dish` (`id_The_composition_of_the_dish`, `Ingredient_id`, `Dishes_id`, `Quantity`, `cost_price`) VALUES (30, 59, 65, 173633966, 9449);
INSERT INTO `The_composition_of_the_dish` (`id_The_composition_of_the_dish`, `Ingredient_id`, `Dishes_id`, `Quantity`, `cost_price`) VALUES (31, 47, 9, 2, 912827);
INSERT INTO `The_composition_of_the_dish` (`id_The_composition_of_the_dish`, `Ingredient_id`, `Dishes_id`, `Quantity`, `cost_price`) VALUES (32, 98, 18, 0, 3418764);
INSERT INTO `The_composition_of_the_dish` (`id_The_composition_of_the_dish`, `Ingredient_id`, `Dishes_id`, `Quantity`, `cost_price`) VALUES (33, 35, 37, 55999988, 46081);
INSERT INTO `The_composition_of_the_dish` (`id_The_composition_of_the_dish`, `Ingredient_id`, `Dishes_id`, `Quantity`, `cost_price`) VALUES (34, 12, 21, 5239442, 53);
INSERT INTO `The_composition_of_the_dish` (`id_The_composition_of_the_dish`, `Ingredient_id`, `Dishes_id`, `Quantity`, `cost_price`) VALUES (35, 27, 91, 295, 2);
INSERT INTO `The_composition_of_the_dish` (`id_The_composition_of_the_dish`, `Ingredient_id`, `Dishes_id`, `Quantity`, `cost_price`) VALUES (36, 89, 76, 39115, 17);
INSERT INTO `The_composition_of_the_dish` (`id_The_composition_of_the_dish`, `Ingredient_id`, `Dishes_id`, `Quantity`, `cost_price`) VALUES (37, 16, 31, 2, 48833979);
INSERT INTO `The_composition_of_the_dish` (`id_The_composition_of_the_dish`, `Ingredient_id`, `Dishes_id`, `Quantity`, `cost_price`) VALUES (38, 44, 88, 19, 57664);
INSERT INTO `The_composition_of_the_dish` (`id_The_composition_of_the_dish`, `Ingredient_id`, `Dishes_id`, `Quantity`, `cost_price`) VALUES (39, 95, 47, 21, 24576524);
INSERT INTO `The_composition_of_the_dish` (`id_The_composition_of_the_dish`, `Ingredient_id`, `Dishes_id`, `Quantity`, `cost_price`) VALUES (40, 88, 48, 1087, 231544);
INSERT INTO `The_composition_of_the_dish` (`id_The_composition_of_the_dish`, `Ingredient_id`, `Dishes_id`, `Quantity`, `cost_price`) VALUES (41, 43, 97, 192468859, 8);
INSERT INTO `The_composition_of_the_dish` (`id_The_composition_of_the_dish`, `Ingredient_id`, `Dishes_id`, `Quantity`, `cost_price`) VALUES (42, 42, 18, 4, 21863404);
INSERT INTO `The_composition_of_the_dish` (`id_The_composition_of_the_dish`, `Ingredient_id`, `Dishes_id`, `Quantity`, `cost_price`) VALUES (43, 27, 93, 257, 1699928);
INSERT INTO `The_composition_of_the_dish` (`id_The_composition_of_the_dish`, `Ingredient_id`, `Dishes_id`, `Quantity`, `cost_price`) VALUES (44, 72, 29, 0, 108191936);
INSERT INTO `The_composition_of_the_dish` (`id_The_composition_of_the_dish`, `Ingredient_id`, `Dishes_id`, `Quantity`, `cost_price`) VALUES (45, 44, 60, 320, 21013);
INSERT INTO `The_composition_of_the_dish` (`id_The_composition_of_the_dish`, `Ingredient_id`, `Dishes_id`, `Quantity`, `cost_price`) VALUES (46, 95, 47, 34441636, 25481942);
INSERT INTO `The_composition_of_the_dish` (`id_The_composition_of_the_dish`, `Ingredient_id`, `Dishes_id`, `Quantity`, `cost_price`) VALUES (47, 61, 47, 37, 2);
INSERT INTO `The_composition_of_the_dish` (`id_The_composition_of_the_dish`, `Ingredient_id`, `Dishes_id`, `Quantity`, `cost_price`) VALUES (48, 68, 10, 15, 0);
INSERT INTO `The_composition_of_the_dish` (`id_The_composition_of_the_dish`, `Ingredient_id`, `Dishes_id`, `Quantity`, `cost_price`) VALUES (49, 11, 95, 329, 1552231);
INSERT INTO `The_composition_of_the_dish` (`id_The_composition_of_the_dish`, `Ingredient_id`, `Dishes_id`, `Quantity`, `cost_price`) VALUES (50, 2, 21, 16, 319);
INSERT INTO `The_composition_of_the_dish` (`id_The_composition_of_the_dish`, `Ingredient_id`, `Dishes_id`, `Quantity`, `cost_price`) VALUES (51, 67, 12, 56, 5190);
INSERT INTO `The_composition_of_the_dish` (`id_The_composition_of_the_dish`, `Ingredient_id`, `Dishes_id`, `Quantity`, `cost_price`) VALUES (52, 88, 2, 274, 13244194);
INSERT INTO `The_composition_of_the_dish` (`id_The_composition_of_the_dish`, `Ingredient_id`, `Dishes_id`, `Quantity`, `cost_price`) VALUES (53, 42, 72, 40765, 1773);
INSERT INTO `The_composition_of_the_dish` (`id_The_composition_of_the_dish`, `Ingredient_id`, `Dishes_id`, `Quantity`, `cost_price`) VALUES (54, 89, 58, 200856, 3485);
INSERT INTO `The_composition_of_the_dish` (`id_The_composition_of_the_dish`, `Ingredient_id`, `Dishes_id`, `Quantity`, `cost_price`) VALUES (55, 60, 75, 0, 91877796);
INSERT INTO `The_composition_of_the_dish` (`id_The_composition_of_the_dish`, `Ingredient_id`, `Dishes_id`, `Quantity`, `cost_price`) VALUES (56, 24, 25, 52, 33565948);
INSERT INTO `The_composition_of_the_dish` (`id_The_composition_of_the_dish`, `Ingredient_id`, `Dishes_id`, `Quantity`, `cost_price`) VALUES (57, 95, 86, 0, 11981984);
INSERT INTO `The_composition_of_the_dish` (`id_The_composition_of_the_dish`, `Ingredient_id`, `Dishes_id`, `Quantity`, `cost_price`) VALUES (58, 51, 59, 2559, 30893);
INSERT INTO `The_composition_of_the_dish` (`id_The_composition_of_the_dish`, `Ingredient_id`, `Dishes_id`, `Quantity`, `cost_price`) VALUES (59, 49, 61, 56, 15316);
INSERT INTO `The_composition_of_the_dish` (`id_The_composition_of_the_dish`, `Ingredient_id`, `Dishes_id`, `Quantity`, `cost_price`) VALUES (60, 60, 59, 914350, 1829);
INSERT INTO `The_composition_of_the_dish` (`id_The_composition_of_the_dish`, `Ingredient_id`, `Dishes_id`, `Quantity`, `cost_price`) VALUES (61, 28, 46, 934803, 16728243);
INSERT INTO `The_composition_of_the_dish` (`id_The_composition_of_the_dish`, `Ingredient_id`, `Dishes_id`, `Quantity`, `cost_price`) VALUES (62, 45, 47, 0, 0);
INSERT INTO `The_composition_of_the_dish` (`id_The_composition_of_the_dish`, `Ingredient_id`, `Dishes_id`, `Quantity`, `cost_price`) VALUES (63, 54, 20, 12894, 5626191);
INSERT INTO `The_composition_of_the_dish` (`id_The_composition_of_the_dish`, `Ingredient_id`, `Dishes_id`, `Quantity`, `cost_price`) VALUES (64, 27, 59, 112261308, 12231);
INSERT INTO `The_composition_of_the_dish` (`id_The_composition_of_the_dish`, `Ingredient_id`, `Dishes_id`, `Quantity`, `cost_price`) VALUES (65, 22, 71, 629527425, 80);
INSERT INTO `The_composition_of_the_dish` (`id_The_composition_of_the_dish`, `Ingredient_id`, `Dishes_id`, `Quantity`, `cost_price`) VALUES (66, 21, 75, 86, 29);
INSERT INTO `The_composition_of_the_dish` (`id_The_composition_of_the_dish`, `Ingredient_id`, `Dishes_id`, `Quantity`, `cost_price`) VALUES (67, 68, 20, 0, 25847196);
INSERT INTO `The_composition_of_the_dish` (`id_The_composition_of_the_dish`, `Ingredient_id`, `Dishes_id`, `Quantity`, `cost_price`) VALUES (68, 47, 75, 0, 943);
INSERT INTO `The_composition_of_the_dish` (`id_The_composition_of_the_dish`, `Ingredient_id`, `Dishes_id`, `Quantity`, `cost_price`) VALUES (69, 74, 1, 17856054, 18395);
INSERT INTO `The_composition_of_the_dish` (`id_The_composition_of_the_dish`, `Ingredient_id`, `Dishes_id`, `Quantity`, `cost_price`) VALUES (70, 84, 81, 841846909, 4);
INSERT INTO `The_composition_of_the_dish` (`id_The_composition_of_the_dish`, `Ingredient_id`, `Dishes_id`, `Quantity`, `cost_price`) VALUES (71, 49, 74, 763984903, 7);
INSERT INTO `The_composition_of_the_dish` (`id_The_composition_of_the_dish`, `Ingredient_id`, `Dishes_id`, `Quantity`, `cost_price`) VALUES (72, 43, 63, 214769, 3424978);
INSERT INTO `The_composition_of_the_dish` (`id_The_composition_of_the_dish`, `Ingredient_id`, `Dishes_id`, `Quantity`, `cost_price`) VALUES (73, 86, 18, 270, 3);
INSERT INTO `The_composition_of_the_dish` (`id_The_composition_of_the_dish`, `Ingredient_id`, `Dishes_id`, `Quantity`, `cost_price`) VALUES (74, 65, 4, 1447, 1);
INSERT INTO `The_composition_of_the_dish` (`id_The_composition_of_the_dish`, `Ingredient_id`, `Dishes_id`, `Quantity`, `cost_price`) VALUES (75, 11, 46, 22423557, 27);
INSERT INTO `The_composition_of_the_dish` (`id_The_composition_of_the_dish`, `Ingredient_id`, `Dishes_id`, `Quantity`, `cost_price`) VALUES (76, 41, 30, 674128, 230410778);
INSERT INTO `The_composition_of_the_dish` (`id_The_composition_of_the_dish`, `Ingredient_id`, `Dishes_id`, `Quantity`, `cost_price`) VALUES (77, 31, 9, 87089, 155137);
INSERT INTO `The_composition_of_the_dish` (`id_The_composition_of_the_dish`, `Ingredient_id`, `Dishes_id`, `Quantity`, `cost_price`) VALUES (78, 55, 77, 507464438, 1863737);
INSERT INTO `The_composition_of_the_dish` (`id_The_composition_of_the_dish`, `Ingredient_id`, `Dishes_id`, `Quantity`, `cost_price`) VALUES (79, 93, 73, 107663006, 612395);
INSERT INTO `The_composition_of_the_dish` (`id_The_composition_of_the_dish`, `Ingredient_id`, `Dishes_id`, `Quantity`, `cost_price`) VALUES (80, 49, 42, 3342, 0);
INSERT INTO `The_composition_of_the_dish` (`id_The_composition_of_the_dish`, `Ingredient_id`, `Dishes_id`, `Quantity`, `cost_price`) VALUES (81, 72, 75, 1583958, 1);
INSERT INTO `The_composition_of_the_dish` (`id_The_composition_of_the_dish`, `Ingredient_id`, `Dishes_id`, `Quantity`, `cost_price`) VALUES (82, 15, 19, 53845416, 551314609);
INSERT INTO `The_composition_of_the_dish` (`id_The_composition_of_the_dish`, `Ingredient_id`, `Dishes_id`, `Quantity`, `cost_price`) VALUES (83, 67, 32, 3790956, 6412);
INSERT INTO `The_composition_of_the_dish` (`id_The_composition_of_the_dish`, `Ingredient_id`, `Dishes_id`, `Quantity`, `cost_price`) VALUES (84, 61, 16, 0, 103951575);
INSERT INTO `The_composition_of_the_dish` (`id_The_composition_of_the_dish`, `Ingredient_id`, `Dishes_id`, `Quantity`, `cost_price`) VALUES (85, 58, 37, 3480626, 224505);
INSERT INTO `The_composition_of_the_dish` (`id_The_composition_of_the_dish`, `Ingredient_id`, `Dishes_id`, `Quantity`, `cost_price`) VALUES (86, 19, 27, 0, 9025);
INSERT INTO `The_composition_of_the_dish` (`id_The_composition_of_the_dish`, `Ingredient_id`, `Dishes_id`, `Quantity`, `cost_price`) VALUES (87, 55, 54, 13, 1);
INSERT INTO `The_composition_of_the_dish` (`id_The_composition_of_the_dish`, `Ingredient_id`, `Dishes_id`, `Quantity`, `cost_price`) VALUES (88, 76, 58, 275224736, 169);
INSERT INTO `The_composition_of_the_dish` (`id_The_composition_of_the_dish`, `Ingredient_id`, `Dishes_id`, `Quantity`, `cost_price`) VALUES (89, 81, 90, 70874, 0);
INSERT INTO `The_composition_of_the_dish` (`id_The_composition_of_the_dish`, `Ingredient_id`, `Dishes_id`, `Quantity`, `cost_price`) VALUES (90, 96, 92, 3500, 252678);
INSERT INTO `The_composition_of_the_dish` (`id_The_composition_of_the_dish`, `Ingredient_id`, `Dishes_id`, `Quantity`, `cost_price`) VALUES (91, 10, 13, 4193, 47582);
INSERT INTO `The_composition_of_the_dish` (`id_The_composition_of_the_dish`, `Ingredient_id`, `Dishes_id`, `Quantity`, `cost_price`) VALUES (92, 6, 79, 124, 2699);
INSERT INTO `The_composition_of_the_dish` (`id_The_composition_of_the_dish`, `Ingredient_id`, `Dishes_id`, `Quantity`, `cost_price`) VALUES (93, 62, 79, 402902, 1);
INSERT INTO `The_composition_of_the_dish` (`id_The_composition_of_the_dish`, `Ingredient_id`, `Dishes_id`, `Quantity`, `cost_price`) VALUES (94, 12, 24, 434368164, 44414);
INSERT INTO `The_composition_of_the_dish` (`id_The_composition_of_the_dish`, `Ingredient_id`, `Dishes_id`, `Quantity`, `cost_price`) VALUES (95, 100, 33, 8262074, 6);
INSERT INTO `The_composition_of_the_dish` (`id_The_composition_of_the_dish`, `Ingredient_id`, `Dishes_id`, `Quantity`, `cost_price`) VALUES (96, 76, 41, 1, 50455424);
INSERT INTO `The_composition_of_the_dish` (`id_The_composition_of_the_dish`, `Ingredient_id`, `Dishes_id`, `Quantity`, `cost_price`) VALUES (97, 7, 94, 6, 66030);
INSERT INTO `The_composition_of_the_dish` (`id_The_composition_of_the_dish`, `Ingredient_id`, `Dishes_id`, `Quantity`, `cost_price`) VALUES (98, 34, 76, 301, 41);
INSERT INTO `The_composition_of_the_dish` (`id_The_composition_of_the_dish`, `Ingredient_id`, `Dishes_id`, `Quantity`, `cost_price`) VALUES (99, 55, 91, 2749, 194);
INSERT INTO `The_composition_of_the_dish` (`id_The_composition_of_the_dish`, `Ingredient_id`, `Dishes_id`, `Quantity`, `cost_price`) VALUES (100, 1, 67, 183551596, 15569094);




DROP TABLE IF EXISTS `Orders`; 
CREATE TABLE `Orders` ( 
id_Orders INT primary key not null auto_increment unique, 
Order_date DATE, 
Table_number int not null, 
Waiters_id INT not NULL, 
Total_amount int not null, 
foreign key (Waiters_id) references `Waiters` (id_Waiters)); 
 
INSERT INTO `Orders` (`id_Orders`, `Order_date`, `Table_number`, `Waiters_id`, `Total_amount`) VALUES (1, '1985-07-27', 33, 87, 0);
INSERT INTO `Orders` (`id_Orders`, `Order_date`, `Table_number`, `Waiters_id`, `Total_amount`) VALUES (2, '2005-05-31', 3, 99, 42781837);
INSERT INTO `Orders` (`id_Orders`, `Order_date`, `Table_number`, `Waiters_id`, `Total_amount`) VALUES (3, '2004-12-22', 2, 41, 0);
INSERT INTO `Orders` (`id_Orders`, `Order_date`, `Table_number`, `Waiters_id`, `Total_amount`) VALUES (4, '1973-10-18', 65, 97, 2);
INSERT INTO `Orders` (`id_Orders`, `Order_date`, `Table_number`, `Waiters_id`, `Total_amount`) VALUES (5, '2013-09-10', 2, 36, 1941207);
INSERT INTO `Orders` (`id_Orders`, `Order_date`, `Table_number`, `Waiters_id`, `Total_amount`) VALUES (6, '1993-09-06', 0, 15, 0);
INSERT INTO `Orders` (`id_Orders`, `Order_date`, `Table_number`, `Waiters_id`, `Total_amount`) VALUES (7, '1983-06-18', 30502, 79, 0);
INSERT INTO `Orders` (`id_Orders`, `Order_date`, `Table_number`, `Waiters_id`, `Total_amount`) VALUES (8, '1970-09-19', 517944188, 41, 17);
INSERT INTO `Orders` (`id_Orders`, `Order_date`, `Table_number`, `Waiters_id`, `Total_amount`) VALUES (9, '2021-03-11', 23075, 38, 27);
INSERT INTO `Orders` (`id_Orders`, `Order_date`, `Table_number`, `Waiters_id`, `Total_amount`) VALUES (10, '1991-10-31', 0, 11, 1776);
INSERT INTO `Orders` (`id_Orders`, `Order_date`, `Table_number`, `Waiters_id`, `Total_amount`) VALUES (11, '1971-06-01', 62917112, 54, 27004016);
INSERT INTO `Orders` (`id_Orders`, `Order_date`, `Table_number`, `Waiters_id`, `Total_amount`) VALUES (12, '2010-05-02', 0, 60, 775);
INSERT INTO `Orders` (`id_Orders`, `Order_date`, `Table_number`, `Waiters_id`, `Total_amount`) VALUES (13, '1970-05-25', 981, 33, 244000);
INSERT INTO `Orders` (`id_Orders`, `Order_date`, `Table_number`, `Waiters_id`, `Total_amount`) VALUES (14, '1995-12-01', 0, 16, 267988);
INSERT INTO `Orders` (`id_Orders`, `Order_date`, `Table_number`, `Waiters_id`, `Total_amount`) VALUES (15, '1997-10-18', 20822, 17, 204935);
INSERT INTO `Orders` (`id_Orders`, `Order_date`, `Table_number`, `Waiters_id`, `Total_amount`) VALUES (16, '1995-04-18', 0, 35, 133927);
INSERT INTO `Orders` (`id_Orders`, `Order_date`, `Table_number`, `Waiters_id`, `Total_amount`) VALUES (17, '1971-06-26', 95531, 4, 67339630);
INSERT INTO `Orders` (`id_Orders`, `Order_date`, `Table_number`, `Waiters_id`, `Total_amount`) VALUES (18, '1997-11-05', 20, 45, 5599981);
INSERT INTO `Orders` (`id_Orders`, `Order_date`, `Table_number`, `Waiters_id`, `Total_amount`) VALUES (19, '2001-12-28', 2978417, 23, 0);
INSERT INTO `Orders` (`id_Orders`, `Order_date`, `Table_number`, `Waiters_id`, `Total_amount`) VALUES (20, '1983-09-10', 6, 94, 20582);
INSERT INTO `Orders` (`id_Orders`, `Order_date`, `Table_number`, `Waiters_id`, `Total_amount`) VALUES (21, '1989-03-03', 941551347, 4, 62);
INSERT INTO `Orders` (`id_Orders`, `Order_date`, `Table_number`, `Waiters_id`, `Total_amount`) VALUES (22, '1973-02-06', 5, 57, 4958);
INSERT INTO `Orders` (`id_Orders`, `Order_date`, `Table_number`, `Waiters_id`, `Total_amount`) VALUES (23, '2012-11-16', 88773, 35, 0);
INSERT INTO `Orders` (`id_Orders`, `Order_date`, `Table_number`, `Waiters_id`, `Total_amount`) VALUES (24, '2000-10-01', 0, 17, 72);
INSERT INTO `Orders` (`id_Orders`, `Order_date`, `Table_number`, `Waiters_id`, `Total_amount`) VALUES (25, '1972-05-31', 205198, 16, 2377);
INSERT INTO `Orders` (`id_Orders`, `Order_date`, `Table_number`, `Waiters_id`, `Total_amount`) VALUES (26, '2014-03-09', 16994698, 77, 916);
INSERT INTO `Orders` (`id_Orders`, `Order_date`, `Table_number`, `Waiters_id`, `Total_amount`) VALUES (27, '1997-02-10', 1417, 58, 274118);
INSERT INTO `Orders` (`id_Orders`, `Order_date`, `Table_number`, `Waiters_id`, `Total_amount`) VALUES (28, '1989-11-23', 8416, 84, 0);
INSERT INTO `Orders` (`id_Orders`, `Order_date`, `Table_number`, `Waiters_id`, `Total_amount`) VALUES (29, '2000-01-24', 526947, 88, 7);
INSERT INTO `Orders` (`id_Orders`, `Order_date`, `Table_number`, `Waiters_id`, `Total_amount`) VALUES (30, '1984-04-08', 55, 19, 125568);
INSERT INTO `Orders` (`id_Orders`, `Order_date`, `Table_number`, `Waiters_id`, `Total_amount`) VALUES (31, '2014-02-12', 577013726, 36, 178487);
INSERT INTO `Orders` (`id_Orders`, `Order_date`, `Table_number`, `Waiters_id`, `Total_amount`) VALUES (32, '2007-06-24', 430, 76, 983);
INSERT INTO `Orders` (`id_Orders`, `Order_date`, `Table_number`, `Waiters_id`, `Total_amount`) VALUES (33, '1976-05-09', 94567, 18, 70479917);
INSERT INTO `Orders` (`id_Orders`, `Order_date`, `Table_number`, `Waiters_id`, `Total_amount`) VALUES (34, '2022-02-27', 605934828, 69, 4842);
INSERT INTO `Orders` (`id_Orders`, `Order_date`, `Table_number`, `Waiters_id`, `Total_amount`) VALUES (35, '2002-02-27', 6, 56, 5724923);
INSERT INTO `Orders` (`id_Orders`, `Order_date`, `Table_number`, `Waiters_id`, `Total_amount`) VALUES (36, '2022-01-13', 8122626, 20, 803440);
INSERT INTO `Orders` (`id_Orders`, `Order_date`, `Table_number`, `Waiters_id`, `Total_amount`) VALUES (37, '1984-12-28', 33162, 85, 0);
INSERT INTO `Orders` (`id_Orders`, `Order_date`, `Table_number`, `Waiters_id`, `Total_amount`) VALUES (38, '1983-06-21', 10858, 29, 0);
INSERT INTO `Orders` (`id_Orders`, `Order_date`, `Table_number`, `Waiters_id`, `Total_amount`) VALUES (39, '1971-09-14', 0, 98, 33);
INSERT INTO `Orders` (`id_Orders`, `Order_date`, `Table_number`, `Waiters_id`, `Total_amount`) VALUES (40, '2002-03-01', 704, 80, 4093);
INSERT INTO `Orders` (`id_Orders`, `Order_date`, `Table_number`, `Waiters_id`, `Total_amount`) VALUES (41, '2003-02-19', 0, 62, 570003);
INSERT INTO `Orders` (`id_Orders`, `Order_date`, `Table_number`, `Waiters_id`, `Total_amount`) VALUES (42, '2013-05-31', 0, 9, 78);
INSERT INTO `Orders` (`id_Orders`, `Order_date`, `Table_number`, `Waiters_id`, `Total_amount`) VALUES (43, '2013-02-25', 459, 41, 30782);
INSERT INTO `Orders` (`id_Orders`, `Order_date`, `Table_number`, `Waiters_id`, `Total_amount`) VALUES (44, '1995-09-28', 3606, 35, 136905661);
INSERT INTO `Orders` (`id_Orders`, `Order_date`, `Table_number`, `Waiters_id`, `Total_amount`) VALUES (45, '2009-07-16', 0, 90, 2123);
INSERT INTO `Orders` (`id_Orders`, `Order_date`, `Table_number`, `Waiters_id`, `Total_amount`) VALUES (46, '1993-08-11', 65409, 29, 248488257);
INSERT INTO `Orders` (`id_Orders`, `Order_date`, `Table_number`, `Waiters_id`, `Total_amount`) VALUES (47, '1979-02-03', 2586149, 93, 1065);
INSERT INTO `Orders` (`id_Orders`, `Order_date`, `Table_number`, `Waiters_id`, `Total_amount`) VALUES (48, '2010-08-14', 330, 88, 1445);
INSERT INTO `Orders` (`id_Orders`, `Order_date`, `Table_number`, `Waiters_id`, `Total_amount`) VALUES (49, '2000-03-16', 0, 73, 4858283);
INSERT INTO `Orders` (`id_Orders`, `Order_date`, `Table_number`, `Waiters_id`, `Total_amount`) VALUES (50, '1992-06-30', 4, 50, 69658744);
INSERT INTO `Orders` (`id_Orders`, `Order_date`, `Table_number`, `Waiters_id`, `Total_amount`) VALUES (51, '1997-11-14', 3992526, 5, 920146);
INSERT INTO `Orders` (`id_Orders`, `Order_date`, `Table_number`, `Waiters_id`, `Total_amount`) VALUES (52, '2018-09-25', 550138, 62, 229048677);
INSERT INTO `Orders` (`id_Orders`, `Order_date`, `Table_number`, `Waiters_id`, `Total_amount`) VALUES (53, '1984-02-24', 92, 93, 2);
INSERT INTO `Orders` (`id_Orders`, `Order_date`, `Table_number`, `Waiters_id`, `Total_amount`) VALUES (54, '2013-04-07', 94306563, 43, 924207);
INSERT INTO `Orders` (`id_Orders`, `Order_date`, `Table_number`, `Waiters_id`, `Total_amount`) VALUES (55, '1994-08-09', 6, 18, 147);
INSERT INTO `Orders` (`id_Orders`, `Order_date`, `Table_number`, `Waiters_id`, `Total_amount`) VALUES (56, '1988-02-01', 368689, 93, 749);
INSERT INTO `Orders` (`id_Orders`, `Order_date`, `Table_number`, `Waiters_id`, `Total_amount`) VALUES (57, '2021-01-22', 5, 78, 222545);
INSERT INTO `Orders` (`id_Orders`, `Order_date`, `Table_number`, `Waiters_id`, `Total_amount`) VALUES (58, '1992-08-16', 257952322, 97, 33747);
INSERT INTO `Orders` (`id_Orders`, `Order_date`, `Table_number`, `Waiters_id`, `Total_amount`) VALUES (59, '1997-10-03', 16616, 17, 279918);
INSERT INTO `Orders` (`id_Orders`, `Order_date`, `Table_number`, `Waiters_id`, `Total_amount`) VALUES (60, '1992-09-03', 0, 61, 0);
INSERT INTO `Orders` (`id_Orders`, `Order_date`, `Table_number`, `Waiters_id`, `Total_amount`) VALUES (61, '2005-08-27', 4, 54, 83);
INSERT INTO `Orders` (`id_Orders`, `Order_date`, `Table_number`, `Waiters_id`, `Total_amount`) VALUES (62, '1989-10-15', 2776, 97, 4406);
INSERT INTO `Orders` (`id_Orders`, `Order_date`, `Table_number`, `Waiters_id`, `Total_amount`) VALUES (63, '2010-10-07', 29561, 44, 14);
INSERT INTO `Orders` (`id_Orders`, `Order_date`, `Table_number`, `Waiters_id`, `Total_amount`) VALUES (64, '2006-05-06', 276077870, 40, 2);
INSERT INTO `Orders` (`id_Orders`, `Order_date`, `Table_number`, `Waiters_id`, `Total_amount`) VALUES (65, '1972-06-30', 5, 77, 785);
INSERT INTO `Orders` (`id_Orders`, `Order_date`, `Table_number`, `Waiters_id`, `Total_amount`) VALUES (66, '2004-07-03', 0, 2, 19545);
INSERT INTO `Orders` (`id_Orders`, `Order_date`, `Table_number`, `Waiters_id`, `Total_amount`) VALUES (67, '2007-10-31', 4, 68, 91568793);
INSERT INTO `Orders` (`id_Orders`, `Order_date`, `Table_number`, `Waiters_id`, `Total_amount`) VALUES (68, '1978-11-12', 5707494, 83, 15);
INSERT INTO `Orders` (`id_Orders`, `Order_date`, `Table_number`, `Waiters_id`, `Total_amount`) VALUES (69, '2002-09-19', 746, 85, 0);
INSERT INTO `Orders` (`id_Orders`, `Order_date`, `Table_number`, `Waiters_id`, `Total_amount`) VALUES (70, '2009-08-12', 20566, 78, 9);
INSERT INTO `Orders` (`id_Orders`, `Order_date`, `Table_number`, `Waiters_id`, `Total_amount`) VALUES (71, '2000-02-23', 503412, 2, 0);
INSERT INTO `Orders` (`id_Orders`, `Order_date`, `Table_number`, `Waiters_id`, `Total_amount`) VALUES (72, '2016-05-16', 213595248, 23, 7233);
INSERT INTO `Orders` (`id_Orders`, `Order_date`, `Table_number`, `Waiters_id`, `Total_amount`) VALUES (73, '2011-03-04', 48440, 32, 124096103);
INSERT INTO `Orders` (`id_Orders`, `Order_date`, `Table_number`, `Waiters_id`, `Total_amount`) VALUES (74, '1999-10-19', 128675, 72, 210122417);
INSERT INTO `Orders` (`id_Orders`, `Order_date`, `Table_number`, `Waiters_id`, `Total_amount`) VALUES (75, '2022-10-29', 2163, 23, 670);
INSERT INTO `Orders` (`id_Orders`, `Order_date`, `Table_number`, `Waiters_id`, `Total_amount`) VALUES (76, '2021-11-16', 27, 3, 0);
INSERT INTO `Orders` (`id_Orders`, `Order_date`, `Table_number`, `Waiters_id`, `Total_amount`) VALUES (77, '2022-12-07', 144, 39, 254258);
INSERT INTO `Orders` (`id_Orders`, `Order_date`, `Table_number`, `Waiters_id`, `Total_amount`) VALUES (78, '2011-01-27', 2605, 81, 1);
INSERT INTO `Orders` (`id_Orders`, `Order_date`, `Table_number`, `Waiters_id`, `Total_amount`) VALUES (79, '1974-03-06', 1737338, 32, 1456540);
INSERT INTO `Orders` (`id_Orders`, `Order_date`, `Table_number`, `Waiters_id`, `Total_amount`) VALUES (80, '1979-01-23', 448, 59, 386741);
INSERT INTO `Orders` (`id_Orders`, `Order_date`, `Table_number`, `Waiters_id`, `Total_amount`) VALUES (81, '1984-07-28', 6972, 55, 165);
INSERT INTO `Orders` (`id_Orders`, `Order_date`, `Table_number`, `Waiters_id`, `Total_amount`) VALUES (82, '1986-07-05', 0, 41, 5429642);
INSERT INTO `Orders` (`id_Orders`, `Order_date`, `Table_number`, `Waiters_id`, `Total_amount`) VALUES (83, '1987-11-23', 6548, 63, 330);
INSERT INTO `Orders` (`id_Orders`, `Order_date`, `Table_number`, `Waiters_id`, `Total_amount`) VALUES (84, '2021-10-11', 23060637, 20, 3352);
INSERT INTO `Orders` (`id_Orders`, `Order_date`, `Table_number`, `Waiters_id`, `Total_amount`) VALUES (85, '1990-09-10', 268018566, 35, 418761255);
INSERT INTO `Orders` (`id_Orders`, `Order_date`, `Table_number`, `Waiters_id`, `Total_amount`) VALUES (86, '2019-10-23', 8468647, 87, 1);
INSERT INTO `Orders` (`id_Orders`, `Order_date`, `Table_number`, `Waiters_id`, `Total_amount`) VALUES (87, '2010-11-30', 260, 31, 4062384);
INSERT INTO `Orders` (`id_Orders`, `Order_date`, `Table_number`, `Waiters_id`, `Total_amount`) VALUES (88, '1977-08-13', 49524030, 23, 187);
INSERT INTO `Orders` (`id_Orders`, `Order_date`, `Table_number`, `Waiters_id`, `Total_amount`) VALUES (89, '1982-10-28', 69358417, 43, 38125248);
INSERT INTO `Orders` (`id_Orders`, `Order_date`, `Table_number`, `Waiters_id`, `Total_amount`) VALUES (90, '1981-01-26', 64536, 83, 17037431);
INSERT INTO `Orders` (`id_Orders`, `Order_date`, `Table_number`, `Waiters_id`, `Total_amount`) VALUES (91, '2015-02-17', 5, 24, 5983);
INSERT INTO `Orders` (`id_Orders`, `Order_date`, `Table_number`, `Waiters_id`, `Total_amount`) VALUES (92, '2016-09-03', 668, 41, 2269);
INSERT INTO `Orders` (`id_Orders`, `Order_date`, `Table_number`, `Waiters_id`, `Total_amount`) VALUES (93, '2018-02-14', 6533, 94, 23908);
INSERT INTO `Orders` (`id_Orders`, `Order_date`, `Table_number`, `Waiters_id`, `Total_amount`) VALUES (94, '1994-07-18', 8680, 13, 9);
INSERT INTO `Orders` (`id_Orders`, `Order_date`, `Table_number`, `Waiters_id`, `Total_amount`) VALUES (95, '1984-11-30', 6, 82, 2705949);
INSERT INTO `Orders` (`id_Orders`, `Order_date`, `Table_number`, `Waiters_id`, `Total_amount`) VALUES (96, '1983-10-02', 11803, 57, 2714);
INSERT INTO `Orders` (`id_Orders`, `Order_date`, `Table_number`, `Waiters_id`, `Total_amount`) VALUES (97, '1980-02-11', 585059192, 12, 3862366);
INSERT INTO `Orders` (`id_Orders`, `Order_date`, `Table_number`, `Waiters_id`, `Total_amount`) VALUES (98, '2019-03-11', 159410, 44, 268874586);
INSERT INTO `Orders` (`id_Orders`, `Order_date`, `Table_number`, `Waiters_id`, `Total_amount`) VALUES (99, '2017-08-11', 16772514, 16, 22573763);
INSERT INTO `Orders` (`id_Orders`, `Order_date`, `Table_number`, `Waiters_id`, `Total_amount`) VALUES (100, '2017-06-03', 5, 46, 402);




DROP TABLE IF EXISTS `Drinks`; 
CREATE TABLE `Drinks` ( 
id_Drinks INT primary key not null auto_increment unique, 
Names CHAR(50), 
Group_id int not null, 
cost_price INT not NULL, 
Price int not null, 
Extra_charge int not null, 
foreign key (Group_id) references `Group` (id_Group)); 
 
INSERT INTO `Drinks` (`id_Drinks`, `Names`, `Group_id`, `cost_price`, `Price`, `Extra_charge`) VALUES (1, 'libero', 17, 16, 1810665, 61235);
INSERT INTO `Drinks` (`id_Drinks`, `Names`, `Group_id`, `cost_price`, `Price`, `Extra_charge`) VALUES (2, 'rerum', 63, 4546, 0, 69285);
INSERT INTO `Drinks` (`id_Drinks`, `Names`, `Group_id`, `cost_price`, `Price`, `Extra_charge`) VALUES (3, 'maxime', 23, 0, 1640754, 20218);
INSERT INTO `Drinks` (`id_Drinks`, `Names`, `Group_id`, `cost_price`, `Price`, `Extra_charge`) VALUES (4, 'tenetur', 21, 0, 0, 13029);
INSERT INTO `Drinks` (`id_Drinks`, `Names`, `Group_id`, `cost_price`, `Price`, `Extra_charge`) VALUES (5, 'ea', 66, 1131, 3627582, 25288);
INSERT INTO `Drinks` (`id_Drinks`, `Names`, `Group_id`, `cost_price`, `Price`, `Extra_charge`) VALUES (6, 'eveniet', 98, 0, 8, 11861);
INSERT INTO `Drinks` (`id_Drinks`, `Names`, `Group_id`, `cost_price`, `Price`, `Extra_charge`) VALUES (7, 'iure', 3, 51246, 72441, 29991);
INSERT INTO `Drinks` (`id_Drinks`, `Names`, `Group_id`, `cost_price`, `Price`, `Extra_charge`) VALUES (8, 'a', 28, 3387622, 13220, 23276);
INSERT INTO `Drinks` (`id_Drinks`, `Names`, `Group_id`, `cost_price`, `Price`, `Extra_charge`) VALUES (9, 'aliquam', 48, 191839, 212310, 60638);
INSERT INTO `Drinks` (`id_Drinks`, `Names`, `Group_id`, `cost_price`, `Price`, `Extra_charge`) VALUES (10, 'est', 52, 1380118, 2, 89258);
INSERT INTO `Drinks` (`id_Drinks`, `Names`, `Group_id`, `cost_price`, `Price`, `Extra_charge`) VALUES (11, 'aliquid', 55, 1225, 62792, 12634);
INSERT INTO `Drinks` (`id_Drinks`, `Names`, `Group_id`, `cost_price`, `Price`, `Extra_charge`) VALUES (12, 'non', 27, 1, 527455, 48787);
INSERT INTO `Drinks` (`id_Drinks`, `Names`, `Group_id`, `cost_price`, `Price`, `Extra_charge`) VALUES (13, 'sit', 95, 45, 320, 91446);
INSERT INTO `Drinks` (`id_Drinks`, `Names`, `Group_id`, `cost_price`, `Price`, `Extra_charge`) VALUES (14, 'itaque', 99, 660, 24, 55936);
INSERT INTO `Drinks` (`id_Drinks`, `Names`, `Group_id`, `cost_price`, `Price`, `Extra_charge`) VALUES (15, 'dolorum', 95, 14694, 13743743, 2788);
INSERT INTO `Drinks` (`id_Drinks`, `Names`, `Group_id`, `cost_price`, `Price`, `Extra_charge`) VALUES (16, 'dolores', 1, 2219, 792775634, 49913);
INSERT INTO `Drinks` (`id_Drinks`, `Names`, `Group_id`, `cost_price`, `Price`, `Extra_charge`) VALUES (17, 'eum', 75, 31552207, 2721, 80280);
INSERT INTO `Drinks` (`id_Drinks`, `Names`, `Group_id`, `cost_price`, `Price`, `Extra_charge`) VALUES (18, 'non', 69, 181441, 0, 69351);
INSERT INTO `Drinks` (`id_Drinks`, `Names`, `Group_id`, `cost_price`, `Price`, `Extra_charge`) VALUES (19, 'aut', 93, 381, 164, 45037);
INSERT INTO `Drinks` (`id_Drinks`, `Names`, `Group_id`, `cost_price`, `Price`, `Extra_charge`) VALUES (20, 'aut', 51, 46, 3, 59088);
INSERT INTO `Drinks` (`id_Drinks`, `Names`, `Group_id`, `cost_price`, `Price`, `Extra_charge`) VALUES (21, 'aut', 42, 8041, 35, 81472);
INSERT INTO `Drinks` (`id_Drinks`, `Names`, `Group_id`, `cost_price`, `Price`, `Extra_charge`) VALUES (22, 'perferendis', 57, 0, 48242659, 99034);
INSERT INTO `Drinks` (`id_Drinks`, `Names`, `Group_id`, `cost_price`, `Price`, `Extra_charge`) VALUES (23, 'aut', 5, 283570, 42316, 5925);
INSERT INTO `Drinks` (`id_Drinks`, `Names`, `Group_id`, `cost_price`, `Price`, `Extra_charge`) VALUES (24, 'fugit', 52, 25846589, 0, 86742);
INSERT INTO `Drinks` (`id_Drinks`, `Names`, `Group_id`, `cost_price`, `Price`, `Extra_charge`) VALUES (25, 'assumenda', 96, 131438807, 162356, 43316);
INSERT INTO `Drinks` (`id_Drinks`, `Names`, `Group_id`, `cost_price`, `Price`, `Extra_charge`) VALUES (26, 'et', 61, 142869, 156879, 78429);
INSERT INTO `Drinks` (`id_Drinks`, `Names`, `Group_id`, `cost_price`, `Price`, `Extra_charge`) VALUES (27, 'non', 47, 5, 0, 95217);
INSERT INTO `Drinks` (`id_Drinks`, `Names`, `Group_id`, `cost_price`, `Price`, `Extra_charge`) VALUES (28, 'est', 29, 8044484, 2, 17864);
INSERT INTO `Drinks` (`id_Drinks`, `Names`, `Group_id`, `cost_price`, `Price`, `Extra_charge`) VALUES (29, 'unde', 34, 515, 0, 7479);
INSERT INTO `Drinks` (`id_Drinks`, `Names`, `Group_id`, `cost_price`, `Price`, `Extra_charge`) VALUES (30, 'fugiat', 56, 3531694, 19608805, 15735);
INSERT INTO `Drinks` (`id_Drinks`, `Names`, `Group_id`, `cost_price`, `Price`, `Extra_charge`) VALUES (31, 'corrupti', 11, 409, 0, 7570);
INSERT INTO `Drinks` (`id_Drinks`, `Names`, `Group_id`, `cost_price`, `Price`, `Extra_charge`) VALUES (32, 'esse', 91, 4969, 0, 68334);
INSERT INTO `Drinks` (`id_Drinks`, `Names`, `Group_id`, `cost_price`, `Price`, `Extra_charge`) VALUES (33, 'earum', 93, 2, 1963849, 30417);
INSERT INTO `Drinks` (`id_Drinks`, `Names`, `Group_id`, `cost_price`, `Price`, `Extra_charge`) VALUES (34, 'voluptas', 50, 4, 11, 43725);
INSERT INTO `Drinks` (`id_Drinks`, `Names`, `Group_id`, `cost_price`, `Price`, `Extra_charge`) VALUES (35, 'tempore', 84, 1152, 91505, 71492);
INSERT INTO `Drinks` (`id_Drinks`, `Names`, `Group_id`, `cost_price`, `Price`, `Extra_charge`) VALUES (36, 'mollitia', 69, 69, 1, 3417);
INSERT INTO `Drinks` (`id_Drinks`, `Names`, `Group_id`, `cost_price`, `Price`, `Extra_charge`) VALUES (37, 'qui', 67, 3482653, 37, 42267);
INSERT INTO `Drinks` (`id_Drinks`, `Names`, `Group_id`, `cost_price`, `Price`, `Extra_charge`) VALUES (38, 'voluptatum', 11, 15, 12, 40813);
INSERT INTO `Drinks` (`id_Drinks`, `Names`, `Group_id`, `cost_price`, `Price`, `Extra_charge`) VALUES (39, 'saepe', 3, 354466, 36, 69667);
INSERT INTO `Drinks` (`id_Drinks`, `Names`, `Group_id`, `cost_price`, `Price`, `Extra_charge`) VALUES (40, 'commodi', 60, 694, 248504, 42226);
INSERT INTO `Drinks` (`id_Drinks`, `Names`, `Group_id`, `cost_price`, `Price`, `Extra_charge`) VALUES (41, 'tempore', 9, 1149193, 33908840, 77494);
INSERT INTO `Drinks` (`id_Drinks`, `Names`, `Group_id`, `cost_price`, `Price`, `Extra_charge`) VALUES (42, 'iure', 35, 6002, 2769, 67067);
INSERT INTO `Drinks` (`id_Drinks`, `Names`, `Group_id`, `cost_price`, `Price`, `Extra_charge`) VALUES (43, 'necessitatibus', 91, 2251831, 174895, 2447);
INSERT INTO `Drinks` (`id_Drinks`, `Names`, `Group_id`, `cost_price`, `Price`, `Extra_charge`) VALUES (44, 'consectetur', 45, 83, 132118455, 40263);
INSERT INTO `Drinks` (`id_Drinks`, `Names`, `Group_id`, `cost_price`, `Price`, `Extra_charge`) VALUES (45, 'aut', 51, 477826, 1881982, 33842);
INSERT INTO `Drinks` (`id_Drinks`, `Names`, `Group_id`, `cost_price`, `Price`, `Extra_charge`) VALUES (46, 'et', 18, 6, 203292, 56639);
INSERT INTO `Drinks` (`id_Drinks`, `Names`, `Group_id`, `cost_price`, `Price`, `Extra_charge`) VALUES (47, 'iusto', 35, 7444, 4753, 75612);
INSERT INTO `Drinks` (`id_Drinks`, `Names`, `Group_id`, `cost_price`, `Price`, `Extra_charge`) VALUES (48, 'enim', 58, 1478, 156, 94899);
INSERT INTO `Drinks` (`id_Drinks`, `Names`, `Group_id`, `cost_price`, `Price`, `Extra_charge`) VALUES (49, 'amet', 20, 1645, 19557, 26298);
INSERT INTO `Drinks` (`id_Drinks`, `Names`, `Group_id`, `cost_price`, `Price`, `Extra_charge`) VALUES (50, 'laborum', 54, 2175098, 700845, 94025);
INSERT INTO `Drinks` (`id_Drinks`, `Names`, `Group_id`, `cost_price`, `Price`, `Extra_charge`) VALUES (51, 'aut', 64, 435, 0, 80179);
INSERT INTO `Drinks` (`id_Drinks`, `Names`, `Group_id`, `cost_price`, `Price`, `Extra_charge`) VALUES (52, 'molestias', 82, 14, 0, 82847);
INSERT INTO `Drinks` (`id_Drinks`, `Names`, `Group_id`, `cost_price`, `Price`, `Extra_charge`) VALUES (53, 'at', 90, 947267576, 0, 97263);
INSERT INTO `Drinks` (`id_Drinks`, `Names`, `Group_id`, `cost_price`, `Price`, `Extra_charge`) VALUES (54, 'pariatur', 36, 512578, 140, 43808);
INSERT INTO `Drinks` (`id_Drinks`, `Names`, `Group_id`, `cost_price`, `Price`, `Extra_charge`) VALUES (55, 'et', 24, 576466, 375930, 7073);
INSERT INTO `Drinks` (`id_Drinks`, `Names`, `Group_id`, `cost_price`, `Price`, `Extra_charge`) VALUES (56, 'aspernatur', 45, 690591, 156181, 61471);
INSERT INTO `Drinks` (`id_Drinks`, `Names`, `Group_id`, `cost_price`, `Price`, `Extra_charge`) VALUES (57, 'quam', 75, 58198, 469079783, 43106);
INSERT INTO `Drinks` (`id_Drinks`, `Names`, `Group_id`, `cost_price`, `Price`, `Extra_charge`) VALUES (58, 'numquam', 4, 0, 19542137, 15933);
INSERT INTO `Drinks` (`id_Drinks`, `Names`, `Group_id`, `cost_price`, `Price`, `Extra_charge`) VALUES (59, 'eum', 92, 71538324, 3733983, 54602);
INSERT INTO `Drinks` (`id_Drinks`, `Names`, `Group_id`, `cost_price`, `Price`, `Extra_charge`) VALUES (60, 'doloremque', 47, 319922, 219, 64759);
INSERT INTO `Drinks` (`id_Drinks`, `Names`, `Group_id`, `cost_price`, `Price`, `Extra_charge`) VALUES (61, 'exercitationem', 17, 1, 1, 60534);
INSERT INTO `Drinks` (`id_Drinks`, `Names`, `Group_id`, `cost_price`, `Price`, `Extra_charge`) VALUES (62, 'vero', 2, 11718859, 62625, 49401);
INSERT INTO `Drinks` (`id_Drinks`, `Names`, `Group_id`, `cost_price`, `Price`, `Extra_charge`) VALUES (63, 'perspiciatis', 57, 18, 40967, 65397);
INSERT INTO `Drinks` (`id_Drinks`, `Names`, `Group_id`, `cost_price`, `Price`, `Extra_charge`) VALUES (64, 'cum', 64, 6, 14556797, 52065);
INSERT INTO `Drinks` (`id_Drinks`, `Names`, `Group_id`, `cost_price`, `Price`, `Extra_charge`) VALUES (65, 'aut', 72, 567319, 2, 69918);
INSERT INTO `Drinks` (`id_Drinks`, `Names`, `Group_id`, `cost_price`, `Price`, `Extra_charge`) VALUES (66, 'voluptates', 42, 16447893, 237052643, 37953);
INSERT INTO `Drinks` (`id_Drinks`, `Names`, `Group_id`, `cost_price`, `Price`, `Extra_charge`) VALUES (67, 'atque', 39, 19, 4408176, 1107);
INSERT INTO `Drinks` (`id_Drinks`, `Names`, `Group_id`, `cost_price`, `Price`, `Extra_charge`) VALUES (68, 'nulla', 24, 79653, 627111, 3665);
INSERT INTO `Drinks` (`id_Drinks`, `Names`, `Group_id`, `cost_price`, `Price`, `Extra_charge`) VALUES (69, 'necessitatibus', 63, 201, 61, 69648);
INSERT INTO `Drinks` (`id_Drinks`, `Names`, `Group_id`, `cost_price`, `Price`, `Extra_charge`) VALUES (70, 'iure', 45, 0, 23861, 64119);
INSERT INTO `Drinks` (`id_Drinks`, `Names`, `Group_id`, `cost_price`, `Price`, `Extra_charge`) VALUES (71, 'blanditiis', 13, 42983, 468918, 82659);
INSERT INTO `Drinks` (`id_Drinks`, `Names`, `Group_id`, `cost_price`, `Price`, `Extra_charge`) VALUES (72, 'tempore', 41, 2881956, 1684, 40321);
INSERT INTO `Drinks` (`id_Drinks`, `Names`, `Group_id`, `cost_price`, `Price`, `Extra_charge`) VALUES (73, 'non', 29, 140, 8, 31725);
INSERT INTO `Drinks` (`id_Drinks`, `Names`, `Group_id`, `cost_price`, `Price`, `Extra_charge`) VALUES (74, 'neque', 62, 31, 467, 33068);
INSERT INTO `Drinks` (`id_Drinks`, `Names`, `Group_id`, `cost_price`, `Price`, `Extra_charge`) VALUES (75, 'ab', 69, 0, 160717, 13916);
INSERT INTO `Drinks` (`id_Drinks`, `Names`, `Group_id`, `cost_price`, `Price`, `Extra_charge`) VALUES (76, 'perspiciatis', 92, 0, 2861427, 14747);
INSERT INTO `Drinks` (`id_Drinks`, `Names`, `Group_id`, `cost_price`, `Price`, `Extra_charge`) VALUES (77, 'rerum', 19, 508939901, 96, 20316);
INSERT INTO `Drinks` (`id_Drinks`, `Names`, `Group_id`, `cost_price`, `Price`, `Extra_charge`) VALUES (78, 'perspiciatis', 88, 0, 126428450, 30362);
INSERT INTO `Drinks` (`id_Drinks`, `Names`, `Group_id`, `cost_price`, `Price`, `Extra_charge`) VALUES (79, 'quis', 58, 616088, 32758, 92596);
INSERT INTO `Drinks` (`id_Drinks`, `Names`, `Group_id`, `cost_price`, `Price`, `Extra_charge`) VALUES (80, 'recusandae', 27, 55871, 382, 48000);
INSERT INTO `Drinks` (`id_Drinks`, `Names`, `Group_id`, `cost_price`, `Price`, `Extra_charge`) VALUES (81, 'culpa', 79, 15, 0, 12808);
INSERT INTO `Drinks` (`id_Drinks`, `Names`, `Group_id`, `cost_price`, `Price`, `Extra_charge`) VALUES (82, 'officia', 18, 0, 175796844, 81059);
INSERT INTO `Drinks` (`id_Drinks`, `Names`, `Group_id`, `cost_price`, `Price`, `Extra_charge`) VALUES (83, 'at', 81, 43, 76, 85754);
INSERT INTO `Drinks` (`id_Drinks`, `Names`, `Group_id`, `cost_price`, `Price`, `Extra_charge`) VALUES (84, 'et', 37, 33, 768, 21451);
INSERT INTO `Drinks` (`id_Drinks`, `Names`, `Group_id`, `cost_price`, `Price`, `Extra_charge`) VALUES (85, 'aliquam', 94, 10, 0, 79902);
INSERT INTO `Drinks` (`id_Drinks`, `Names`, `Group_id`, `cost_price`, `Price`, `Extra_charge`) VALUES (86, 'temporibus', 45, 0, 645468, 45377);
INSERT INTO `Drinks` (`id_Drinks`, `Names`, `Group_id`, `cost_price`, `Price`, `Extra_charge`) VALUES (87, 'rem', 16, 3702, 2455, 76108);
INSERT INTO `Drinks` (`id_Drinks`, `Names`, `Group_id`, `cost_price`, `Price`, `Extra_charge`) VALUES (88, 'sint', 95, 0, 62626, 58225);
INSERT INTO `Drinks` (`id_Drinks`, `Names`, `Group_id`, `cost_price`, `Price`, `Extra_charge`) VALUES (89, 'sed', 30, 4, 500825, 1190);
INSERT INTO `Drinks` (`id_Drinks`, `Names`, `Group_id`, `cost_price`, `Price`, `Extra_charge`) VALUES (90, 'architecto', 82, 798, 6, 65698);
INSERT INTO `Drinks` (`id_Drinks`, `Names`, `Group_id`, `cost_price`, `Price`, `Extra_charge`) VALUES (91, 'officia', 44, 17152, 641, 17796);
INSERT INTO `Drinks` (`id_Drinks`, `Names`, `Group_id`, `cost_price`, `Price`, `Extra_charge`) VALUES (92, 'quis', 19, 13574532, 411934, 90901);
INSERT INTO `Drinks` (`id_Drinks`, `Names`, `Group_id`, `cost_price`, `Price`, `Extra_charge`) VALUES (93, 'sit', 63, 7, 305, 98043);
INSERT INTO `Drinks` (`id_Drinks`, `Names`, `Group_id`, `cost_price`, `Price`, `Extra_charge`) VALUES (94, 'illo', 86, 0, 0, 25026);
INSERT INTO `Drinks` (`id_Drinks`, `Names`, `Group_id`, `cost_price`, `Price`, `Extra_charge`) VALUES (95, 'dolorum', 94, 2260, 0, 9040);
INSERT INTO `Drinks` (`id_Drinks`, `Names`, `Group_id`, `cost_price`, `Price`, `Extra_charge`) VALUES (96, 'velit', 11, 4, 0, 61789);
INSERT INTO `Drinks` (`id_Drinks`, `Names`, `Group_id`, `cost_price`, `Price`, `Extra_charge`) VALUES (97, 'adipisci', 72, 0, 245, 88762);
INSERT INTO `Drinks` (`id_Drinks`, `Names`, `Group_id`, `cost_price`, `Price`, `Extra_charge`) VALUES (98, 'sed', 11, 1834731, 10, 54280);
INSERT INTO `Drinks` (`id_Drinks`, `Names`, `Group_id`, `cost_price`, `Price`, `Extra_charge`) VALUES (99, 'voluptatem', 5, 4638062, 13312, 65972);
INSERT INTO `Drinks` (`id_Drinks`, `Names`, `Group_id`, `cost_price`, `Price`, `Extra_charge`) VALUES (100, 'quibusdam', 73, 2446440, 0, 91508);




DROP TABLE IF EXISTS `Order_from_the_menu`; 
CREATE TABLE `Order_from_the_menu` ( 
id_Order_from_the_menu INT primary key not null auto_increment unique, 
Orders_id int not null, 
Dishes_id int not null, 
Drinks_id int not null, 
Quantity INT, 
The_amount int not null, 
foreign KEY (Orders_id) REFERENCES `Orders` (id_Orders), 
foreign key (Dishes_id) references `Dishes` (id_Dishes), 
foreign key (Drinks_id) references `Drinks` (id_Drinks));

INSERT INTO `Order_from_the_menu` (`id_Order_from_the_menu`, `Orders_id`, `Dishes_id`, `Drinks_id`, `Quantity`, `The_amount`) VALUES (1, 12, 75, 85, 850054, 283);
INSERT INTO `Order_from_the_menu` (`id_Order_from_the_menu`, `Orders_id`, `Dishes_id`, `Drinks_id`, `Quantity`, `The_amount`) VALUES (2, 32, 25, 98, 0, 57048);
INSERT INTO `Order_from_the_menu` (`id_Order_from_the_menu`, `Orders_id`, `Dishes_id`, `Drinks_id`, `Quantity`, `The_amount`) VALUES (3, 69, 90, 42, 45862210, 5);
INSERT INTO `Order_from_the_menu` (`id_Order_from_the_menu`, `Orders_id`, `Dishes_id`, `Drinks_id`, `Quantity`, `The_amount`) VALUES (4, 1, 95, 27, 530, 516784704);
INSERT INTO `Order_from_the_menu` (`id_Order_from_the_menu`, `Orders_id`, `Dishes_id`, `Drinks_id`, `Quantity`, `The_amount`) VALUES (5, 50, 22, 79, 44, 955805851);
INSERT INTO `Order_from_the_menu` (`id_Order_from_the_menu`, `Orders_id`, `Dishes_id`, `Drinks_id`, `Quantity`, `The_amount`) VALUES (6, 43, 95, 11, 3178468, 0);
INSERT INTO `Order_from_the_menu` (`id_Order_from_the_menu`, `Orders_id`, `Dishes_id`, `Drinks_id`, `Quantity`, `The_amount`) VALUES (7, 100, 89, 55, 0, 787453);
INSERT INTO `Order_from_the_menu` (`id_Order_from_the_menu`, `Orders_id`, `Dishes_id`, `Drinks_id`, `Quantity`, `The_amount`) VALUES (8, 31, 44, 57, 5759, 52243223);
INSERT INTO `Order_from_the_menu` (`id_Order_from_the_menu`, `Orders_id`, `Dishes_id`, `Drinks_id`, `Quantity`, `The_amount`) VALUES (9, 33, 6, 93, 191188, 3455);
INSERT INTO `Order_from_the_menu` (`id_Order_from_the_menu`, `Orders_id`, `Dishes_id`, `Drinks_id`, `Quantity`, `The_amount`) VALUES (10, 66, 5, 71, 31, 636970);
INSERT INTO `Order_from_the_menu` (`id_Order_from_the_menu`, `Orders_id`, `Dishes_id`, `Drinks_id`, `Quantity`, `The_amount`) VALUES (11, 43, 44, 20, 488521327, 0);
INSERT INTO `Order_from_the_menu` (`id_Order_from_the_menu`, `Orders_id`, `Dishes_id`, `Drinks_id`, `Quantity`, `The_amount`) VALUES (12, 33, 89, 90, 10, 4275);
INSERT INTO `Order_from_the_menu` (`id_Order_from_the_menu`, `Orders_id`, `Dishes_id`, `Drinks_id`, `Quantity`, `The_amount`) VALUES (13, 8, 86, 89, 0, 65563364);
INSERT INTO `Order_from_the_menu` (`id_Order_from_the_menu`, `Orders_id`, `Dishes_id`, `Drinks_id`, `Quantity`, `The_amount`) VALUES (14, 37, 54, 74, 863041715, 51602022);
INSERT INTO `Order_from_the_menu` (`id_Order_from_the_menu`, `Orders_id`, `Dishes_id`, `Drinks_id`, `Quantity`, `The_amount`) VALUES (15, 92, 100, 12, 81, 2810181);
INSERT INTO `Order_from_the_menu` (`id_Order_from_the_menu`, `Orders_id`, `Dishes_id`, `Drinks_id`, `Quantity`, `The_amount`) VALUES (16, 43, 82, 41, 52729947, 392617);
INSERT INTO `Order_from_the_menu` (`id_Order_from_the_menu`, `Orders_id`, `Dishes_id`, `Drinks_id`, `Quantity`, `The_amount`) VALUES (17, 90, 35, 6, 0, 49418);
INSERT INTO `Order_from_the_menu` (`id_Order_from_the_menu`, `Orders_id`, `Dishes_id`, `Drinks_id`, `Quantity`, `The_amount`) VALUES (18, 67, 75, 45, 728032639, 0);
INSERT INTO `Order_from_the_menu` (`id_Order_from_the_menu`, `Orders_id`, `Dishes_id`, `Drinks_id`, `Quantity`, `The_amount`) VALUES (19, 68, 31, 30, 4, 3861);
INSERT INTO `Order_from_the_menu` (`id_Order_from_the_menu`, `Orders_id`, `Dishes_id`, `Drinks_id`, `Quantity`, `The_amount`) VALUES (20, 67, 32, 49, 5, 1);
INSERT INTO `Order_from_the_menu` (`id_Order_from_the_menu`, `Orders_id`, `Dishes_id`, `Drinks_id`, `Quantity`, `The_amount`) VALUES (21, 1, 71, 9, 0, 298177);
INSERT INTO `Order_from_the_menu` (`id_Order_from_the_menu`, `Orders_id`, `Dishes_id`, `Drinks_id`, `Quantity`, `The_amount`) VALUES (22, 19, 73, 23, 33051855, 7279);
INSERT INTO `Order_from_the_menu` (`id_Order_from_the_menu`, `Orders_id`, `Dishes_id`, `Drinks_id`, `Quantity`, `The_amount`) VALUES (23, 10, 3, 99, 2574, 5764867);
INSERT INTO `Order_from_the_menu` (`id_Order_from_the_menu`, `Orders_id`, `Dishes_id`, `Drinks_id`, `Quantity`, `The_amount`) VALUES (24, 52, 9, 14, 3, 5108017);
INSERT INTO `Order_from_the_menu` (`id_Order_from_the_menu`, `Orders_id`, `Dishes_id`, `Drinks_id`, `Quantity`, `The_amount`) VALUES (25, 23, 79, 51, 2, 68511);
INSERT INTO `Order_from_the_menu` (`id_Order_from_the_menu`, `Orders_id`, `Dishes_id`, `Drinks_id`, `Quantity`, `The_amount`) VALUES (26, 54, 69, 92, 56, 631091);
INSERT INTO `Order_from_the_menu` (`id_Order_from_the_menu`, `Orders_id`, `Dishes_id`, `Drinks_id`, `Quantity`, `The_amount`) VALUES (27, 92, 13, 62, 54, 75673);
INSERT INTO `Order_from_the_menu` (`id_Order_from_the_menu`, `Orders_id`, `Dishes_id`, `Drinks_id`, `Quantity`, `The_amount`) VALUES (28, 67, 100, 91, 5617088, 7);
INSERT INTO `Order_from_the_menu` (`id_Order_from_the_menu`, `Orders_id`, `Dishes_id`, `Drinks_id`, `Quantity`, `The_amount`) VALUES (29, 75, 37, 13, 49003, 79);
INSERT INTO `Order_from_the_menu` (`id_Order_from_the_menu`, `Orders_id`, `Dishes_id`, `Drinks_id`, `Quantity`, `The_amount`) VALUES (30, 62, 26, 90, 0, 357453);
INSERT INTO `Order_from_the_menu` (`id_Order_from_the_menu`, `Orders_id`, `Dishes_id`, `Drinks_id`, `Quantity`, `The_amount`) VALUES (31, 70, 53, 7, 97423, 821);
INSERT INTO `Order_from_the_menu` (`id_Order_from_the_menu`, `Orders_id`, `Dishes_id`, `Drinks_id`, `Quantity`, `The_amount`) VALUES (32, 68, 41, 5, 178, 18);
INSERT INTO `Order_from_the_menu` (`id_Order_from_the_menu`, `Orders_id`, `Dishes_id`, `Drinks_id`, `Quantity`, `The_amount`) VALUES (33, 26, 40, 78, 92, 285783221);
INSERT INTO `Order_from_the_menu` (`id_Order_from_the_menu`, `Orders_id`, `Dishes_id`, `Drinks_id`, `Quantity`, `The_amount`) VALUES (34, 8, 68, 44, 9, 285);
INSERT INTO `Order_from_the_menu` (`id_Order_from_the_menu`, `Orders_id`, `Dishes_id`, `Drinks_id`, `Quantity`, `The_amount`) VALUES (35, 95, 28, 50, 0, 593860);
INSERT INTO `Order_from_the_menu` (`id_Order_from_the_menu`, `Orders_id`, `Dishes_id`, `Drinks_id`, `Quantity`, `The_amount`) VALUES (36, 4, 68, 66, 6710460, 458561);
INSERT INTO `Order_from_the_menu` (`id_Order_from_the_menu`, `Orders_id`, `Dishes_id`, `Drinks_id`, `Quantity`, `The_amount`) VALUES (37, 50, 48, 78, 4029136, 3);
INSERT INTO `Order_from_the_menu` (`id_Order_from_the_menu`, `Orders_id`, `Dishes_id`, `Drinks_id`, `Quantity`, `The_amount`) VALUES (38, 7, 74, 87, 22170577, 25974070);
INSERT INTO `Order_from_the_menu` (`id_Order_from_the_menu`, `Orders_id`, `Dishes_id`, `Drinks_id`, `Quantity`, `The_amount`) VALUES (39, 39, 76, 33, 3213005, 282797);
INSERT INTO `Order_from_the_menu` (`id_Order_from_the_menu`, `Orders_id`, `Dishes_id`, `Drinks_id`, `Quantity`, `The_amount`) VALUES (40, 65, 49, 4, 20534779, 33);
INSERT INTO `Order_from_the_menu` (`id_Order_from_the_menu`, `Orders_id`, `Dishes_id`, `Drinks_id`, `Quantity`, `The_amount`) VALUES (41, 74, 81, 43, 0, 10);
INSERT INTO `Order_from_the_menu` (`id_Order_from_the_menu`, `Orders_id`, `Dishes_id`, `Drinks_id`, `Quantity`, `The_amount`) VALUES (42, 6, 14, 56, 2601174, 1);
INSERT INTO `Order_from_the_menu` (`id_Order_from_the_menu`, `Orders_id`, `Dishes_id`, `Drinks_id`, `Quantity`, `The_amount`) VALUES (43, 37, 51, 18, 4427144, 83582);
INSERT INTO `Order_from_the_menu` (`id_Order_from_the_menu`, `Orders_id`, `Dishes_id`, `Drinks_id`, `Quantity`, `The_amount`) VALUES (44, 96, 55, 41, 0, 2303203);
INSERT INTO `Order_from_the_menu` (`id_Order_from_the_menu`, `Orders_id`, `Dishes_id`, `Drinks_id`, `Quantity`, `The_amount`) VALUES (45, 4, 5, 1, 19, 488);
INSERT INTO `Order_from_the_menu` (`id_Order_from_the_menu`, `Orders_id`, `Dishes_id`, `Drinks_id`, `Quantity`, `The_amount`) VALUES (46, 61, 65, 90, 2746495, 96742);
INSERT INTO `Order_from_the_menu` (`id_Order_from_the_menu`, `Orders_id`, `Dishes_id`, `Drinks_id`, `Quantity`, `The_amount`) VALUES (47, 48, 79, 11, 2594, 45034);
INSERT INTO `Order_from_the_menu` (`id_Order_from_the_menu`, `Orders_id`, `Dishes_id`, `Drinks_id`, `Quantity`, `The_amount`) VALUES (48, 66, 55, 100, 80338449, 32);
INSERT INTO `Order_from_the_menu` (`id_Order_from_the_menu`, `Orders_id`, `Dishes_id`, `Drinks_id`, `Quantity`, `The_amount`) VALUES (49, 83, 67, 54, 23, 435);
INSERT INTO `Order_from_the_menu` (`id_Order_from_the_menu`, `Orders_id`, `Dishes_id`, `Drinks_id`, `Quantity`, `The_amount`) VALUES (50, 46, 36, 94, 52391494, 1);
INSERT INTO `Order_from_the_menu` (`id_Order_from_the_menu`, `Orders_id`, `Dishes_id`, `Drinks_id`, `Quantity`, `The_amount`) VALUES (51, 81, 20, 60, 38410, 2);
INSERT INTO `Order_from_the_menu` (`id_Order_from_the_menu`, `Orders_id`, `Dishes_id`, `Drinks_id`, `Quantity`, `The_amount`) VALUES (52, 80, 88, 36, 1, 2);
INSERT INTO `Order_from_the_menu` (`id_Order_from_the_menu`, `Orders_id`, `Dishes_id`, `Drinks_id`, `Quantity`, `The_amount`) VALUES (53, 81, 33, 4, 2126, 244);
INSERT INTO `Order_from_the_menu` (`id_Order_from_the_menu`, `Orders_id`, `Dishes_id`, `Drinks_id`, `Quantity`, `The_amount`) VALUES (54, 52, 76, 10, 187982657, 3558658);
INSERT INTO `Order_from_the_menu` (`id_Order_from_the_menu`, `Orders_id`, `Dishes_id`, `Drinks_id`, `Quantity`, `The_amount`) VALUES (55, 53, 5, 62, 136, 29240814);
INSERT INTO `Order_from_the_menu` (`id_Order_from_the_menu`, `Orders_id`, `Dishes_id`, `Drinks_id`, `Quantity`, `The_amount`) VALUES (56, 59, 63, 12, 688530920, 814938);
INSERT INTO `Order_from_the_menu` (`id_Order_from_the_menu`, `Orders_id`, `Dishes_id`, `Drinks_id`, `Quantity`, `The_amount`) VALUES (57, 40, 38, 51, 34982, 430);
INSERT INTO `Order_from_the_menu` (`id_Order_from_the_menu`, `Orders_id`, `Dishes_id`, `Drinks_id`, `Quantity`, `The_amount`) VALUES (58, 7, 47, 100, 33, 0);
INSERT INTO `Order_from_the_menu` (`id_Order_from_the_menu`, `Orders_id`, `Dishes_id`, `Drinks_id`, `Quantity`, `The_amount`) VALUES (59, 16, 32, 23, 382355, 16);
INSERT INTO `Order_from_the_menu` (`id_Order_from_the_menu`, `Orders_id`, `Dishes_id`, `Drinks_id`, `Quantity`, `The_amount`) VALUES (60, 31, 26, 99, 338718, 1);
INSERT INTO `Order_from_the_menu` (`id_Order_from_the_menu`, `Orders_id`, `Dishes_id`, `Drinks_id`, `Quantity`, `The_amount`) VALUES (61, 15, 46, 90, 56, 3352);
INSERT INTO `Order_from_the_menu` (`id_Order_from_the_menu`, `Orders_id`, `Dishes_id`, `Drinks_id`, `Quantity`, `The_amount`) VALUES (62, 71, 82, 72, 18470, 122);
INSERT INTO `Order_from_the_menu` (`id_Order_from_the_menu`, `Orders_id`, `Dishes_id`, `Drinks_id`, `Quantity`, `The_amount`) VALUES (63, 68, 79, 7, 1859960, 0);
INSERT INTO `Order_from_the_menu` (`id_Order_from_the_menu`, `Orders_id`, `Dishes_id`, `Drinks_id`, `Quantity`, `The_amount`) VALUES (64, 32, 23, 52, 240, 42128);
INSERT INTO `Order_from_the_menu` (`id_Order_from_the_menu`, `Orders_id`, `Dishes_id`, `Drinks_id`, `Quantity`, `The_amount`) VALUES (65, 39, 4, 76, 3, 260763);
INSERT INTO `Order_from_the_menu` (`id_Order_from_the_menu`, `Orders_id`, `Dishes_id`, `Drinks_id`, `Quantity`, `The_amount`) VALUES (66, 83, 4, 72, 335115, 0);
INSERT INTO `Order_from_the_menu` (`id_Order_from_the_menu`, `Orders_id`, `Dishes_id`, `Drinks_id`, `Quantity`, `The_amount`) VALUES (67, 87, 59, 33, 1030560, 54);
INSERT INTO `Order_from_the_menu` (`id_Order_from_the_menu`, `Orders_id`, `Dishes_id`, `Drinks_id`, `Quantity`, `The_amount`) VALUES (68, 68, 51, 91, 47, 587);
INSERT INTO `Order_from_the_menu` (`id_Order_from_the_menu`, `Orders_id`, `Dishes_id`, `Drinks_id`, `Quantity`, `The_amount`) VALUES (69, 37, 47, 62, 610, 39650039);
INSERT INTO `Order_from_the_menu` (`id_Order_from_the_menu`, `Orders_id`, `Dishes_id`, `Drinks_id`, `Quantity`, `The_amount`) VALUES (70, 2, 96, 31, 64599896, 0);
INSERT INTO `Order_from_the_menu` (`id_Order_from_the_menu`, `Orders_id`, `Dishes_id`, `Drinks_id`, `Quantity`, `The_amount`) VALUES (71, 22, 4, 11, 319, 2);
INSERT INTO `Order_from_the_menu` (`id_Order_from_the_menu`, `Orders_id`, `Dishes_id`, `Drinks_id`, `Quantity`, `The_amount`) VALUES (72, 7, 94, 17, 333533, 2475);
INSERT INTO `Order_from_the_menu` (`id_Order_from_the_menu`, `Orders_id`, `Dishes_id`, `Drinks_id`, `Quantity`, `The_amount`) VALUES (73, 45, 73, 39, 0, 0);
INSERT INTO `Order_from_the_menu` (`id_Order_from_the_menu`, `Orders_id`, `Dishes_id`, `Drinks_id`, `Quantity`, `The_amount`) VALUES (74, 73, 41, 14, 2, 111);
INSERT INTO `Order_from_the_menu` (`id_Order_from_the_menu`, `Orders_id`, `Dishes_id`, `Drinks_id`, `Quantity`, `The_amount`) VALUES (75, 18, 17, 87, 229542, 135037696);
INSERT INTO `Order_from_the_menu` (`id_Order_from_the_menu`, `Orders_id`, `Dishes_id`, `Drinks_id`, `Quantity`, `The_amount`) VALUES (76, 21, 21, 99, 807, 61);
INSERT INTO `Order_from_the_menu` (`id_Order_from_the_menu`, `Orders_id`, `Dishes_id`, `Drinks_id`, `Quantity`, `The_amount`) VALUES (77, 19, 44, 65, 0, 6617382);
INSERT INTO `Order_from_the_menu` (`id_Order_from_the_menu`, `Orders_id`, `Dishes_id`, `Drinks_id`, `Quantity`, `The_amount`) VALUES (78, 40, 60, 5, 37, 1645470);
INSERT INTO `Order_from_the_menu` (`id_Order_from_the_menu`, `Orders_id`, `Dishes_id`, `Drinks_id`, `Quantity`, `The_amount`) VALUES (79, 1, 67, 11, 52, 0);
INSERT INTO `Order_from_the_menu` (`id_Order_from_the_menu`, `Orders_id`, `Dishes_id`, `Drinks_id`, `Quantity`, `The_amount`) VALUES (80, 74, 2, 41, 155, 33);
INSERT INTO `Order_from_the_menu` (`id_Order_from_the_menu`, `Orders_id`, `Dishes_id`, `Drinks_id`, `Quantity`, `The_amount`) VALUES (81, 47, 21, 4, 15170149, 351681694);
INSERT INTO `Order_from_the_menu` (`id_Order_from_the_menu`, `Orders_id`, `Dishes_id`, `Drinks_id`, `Quantity`, `The_amount`) VALUES (82, 94, 28, 52, 5, 0);
INSERT INTO `Order_from_the_menu` (`id_Order_from_the_menu`, `Orders_id`, `Dishes_id`, `Drinks_id`, `Quantity`, `The_amount`) VALUES (83, 11, 99, 50, 2085, 0);
INSERT INTO `Order_from_the_menu` (`id_Order_from_the_menu`, `Orders_id`, `Dishes_id`, `Drinks_id`, `Quantity`, `The_amount`) VALUES (84, 89, 99, 32, 19389993, 5);
INSERT INTO `Order_from_the_menu` (`id_Order_from_the_menu`, `Orders_id`, `Dishes_id`, `Drinks_id`, `Quantity`, `The_amount`) VALUES (85, 59, 29, 12, 7317306, 185217);
INSERT INTO `Order_from_the_menu` (`id_Order_from_the_menu`, `Orders_id`, `Dishes_id`, `Drinks_id`, `Quantity`, `The_amount`) VALUES (86, 36, 26, 82, 49541979, 46750696);
INSERT INTO `Order_from_the_menu` (`id_Order_from_the_menu`, `Orders_id`, `Dishes_id`, `Drinks_id`, `Quantity`, `The_amount`) VALUES (87, 29, 44, 32, 511, 187551);
INSERT INTO `Order_from_the_menu` (`id_Order_from_the_menu`, `Orders_id`, `Dishes_id`, `Drinks_id`, `Quantity`, `The_amount`) VALUES (88, 53, 91, 46, 1, 20856325);
INSERT INTO `Order_from_the_menu` (`id_Order_from_the_menu`, `Orders_id`, `Dishes_id`, `Drinks_id`, `Quantity`, `The_amount`) VALUES (89, 34, 22, 76, 331, 60705262);
INSERT INTO `Order_from_the_menu` (`id_Order_from_the_menu`, `Orders_id`, `Dishes_id`, `Drinks_id`, `Quantity`, `The_amount`) VALUES (90, 75, 70, 64, 9054, 18472);
INSERT INTO `Order_from_the_menu` (`id_Order_from_the_menu`, `Orders_id`, `Dishes_id`, `Drinks_id`, `Quantity`, `The_amount`) VALUES (91, 97, 95, 94, 20941, 582506);
INSERT INTO `Order_from_the_menu` (`id_Order_from_the_menu`, `Orders_id`, `Dishes_id`, `Drinks_id`, `Quantity`, `The_amount`) VALUES (92, 96, 22, 63, 492601, 12516);
INSERT INTO `Order_from_the_menu` (`id_Order_from_the_menu`, `Orders_id`, `Dishes_id`, `Drinks_id`, `Quantity`, `The_amount`) VALUES (93, 60, 25, 16, 1511, 873095354);
INSERT INTO `Order_from_the_menu` (`id_Order_from_the_menu`, `Orders_id`, `Dishes_id`, `Drinks_id`, `Quantity`, `The_amount`) VALUES (94, 48, 83, 11, 172829, 0);
INSERT INTO `Order_from_the_menu` (`id_Order_from_the_menu`, `Orders_id`, `Dishes_id`, `Drinks_id`, `Quantity`, `The_amount`) VALUES (95, 23, 52, 84, 2607154, 0);
INSERT INTO `Order_from_the_menu` (`id_Order_from_the_menu`, `Orders_id`, `Dishes_id`, `Drinks_id`, `Quantity`, `The_amount`) VALUES (96, 94, 98, 36, 7, 16970368);
INSERT INTO `Order_from_the_menu` (`id_Order_from_the_menu`, `Orders_id`, `Dishes_id`, `Drinks_id`, `Quantity`, `The_amount`) VALUES (97, 29, 84, 75, 252185, 41);
INSERT INTO `Order_from_the_menu` (`id_Order_from_the_menu`, `Orders_id`, `Dishes_id`, `Drinks_id`, `Quantity`, `The_amount`) VALUES (98, 20, 4, 6, 2, 93377807);
INSERT INTO `Order_from_the_menu` (`id_Order_from_the_menu`, `Orders_id`, `Dishes_id`, `Drinks_id`, `Quantity`, `The_amount`) VALUES (99, 55, 22, 25, 6779, 428095);
INSERT INTO `Order_from_the_menu` (`id_Order_from_the_menu`, `Orders_id`, `Dishes_id`, `Drinks_id`, `Quantity`, `The_amount`) VALUES (100, 93, 53, 93, 8, 660);


